iso_639_3,script,language_code,language_name,character,unicode_category,unicode_name,total_frequency_all_time,time_periods_with_data_count,time_periods_list,year_2014_frequency,year_2017_frequency,year_2018_frequency,year_2019_frequency,year_2020_frequency,year_2021_frequency,year_2022_frequency,year_2023_frequency,year_2024_frequency
ksw,Mymr,ksw_Mymr,S'gaw Karen,်,Mn,MYANMAR SIGN ASAT,913509,9,"2014,2017,2018,2019,2020,2021,2022,2023,2024",104,15656,47100,56268,124873,131762,257255,236426,44065
ksw,Mymr,ksw_Mymr,S'gaw Karen,ၢ,Mc,MYANMAR VOWEL SIGN SGAW KAREN EU,514201,9,"2014,2017,2018,2019,2020,2021,2022,2023,2024",66,8666,26583,28740,65451,75603,146154,137031,25907
ksw,Mymr,ksw_Mymr,S'gaw Karen,ၣ,Mc,MYANMAR TONE MARK SGAW KAREN HATHI,471629,9,"2014,2017,2018,2019,2020,2021,2022,2023,2024",53,8138,24120,29070,66778,66750,134355,120656,21709
ksw,Mymr,ksw_Mymr,S'gaw Karen, ,Zs,SPACE,425195,9,"2014,2017,2018,2019,2020,2021,2022,2023,2024",95,9710,23784,20698,47486,98792,117194,87474,19962
ksw,Mymr,ksw_Mymr,S'gaw Karen,ီ,Mn,MYANMAR VOWEL SIGN II,366962,9,"2014,2017,2018,2019,2020,2021,2022,2023,2024",80,5578,17408,22093,50904,53078,106561,94781,16479
ksw,Mymr,ksw_Mymr,S'gaw Karen,ၤ,Mc,MYANMAR TONE MARK SGAW KAREN KE PHO,354695,9,"2014,2017,2018,2019,2020,2021,2022,2023,2024",58,6752,21678,19315,45726,51328,99413,93085,17340
ksw,Mymr,ksw_Mymr,S'gaw Karen,တ,Lo,MYANMAR LETTER TA,300083,9,"2014,2017,2018,2019,2020,2021,2022,2023,2024",28,4993,15782,17099,38822,43886,82411,81798,15264
ksw,Mymr,ksw_Mymr,S'gaw Karen,လ,Lo,MYANMAR LETTER LA,252536,9,"2014,2017,2018,2019,2020,2021,2022,2023,2024",46,4630,15454,13978,31595,36966,71462,66317,12088
ksw,Mymr,ksw_Mymr,S'gaw Karen,အ,Lo,MYANMAR LETTER A,248789,9,"2014,2017,2018,2019,2020,2021,2022,2023,2024",34,4558,15062,13622,32512,36084,70578,63389,12950
ksw,Mymr,ksw_Mymr,S'gaw Karen,့,Mn,MYANMAR SIGN DOT BELOW,230519,9,"2014,2017,2018,2019,2020,2021,2022,2023,2024",30,3971,12545,12836,29777,32117,65233,63135,10875
ksw,Mymr,ksw_Mymr,S'gaw Karen,း,Mc,MYANMAR SIGN VISARGA,227001,9,"2014,2017,2018,2019,2020,2021,2022,2023,2024",47,3797,12320,12165,28769,33091,65369,61245,10198
ksw,Mymr,ksw_Mymr,S'gaw Karen,က,Lo,MYANMAR LETTER KA,224895,9,"2014,2017,2018,2019,2020,2021,2022,2023,2024",27,3653,10472,14671,30908,32293,64425,58305,10141
ksw,Mymr,ksw_Mymr,S'gaw Karen,ိ,Mn,MYANMAR VOWEL SIGN I,206967,9,"2014,2017,2018,2019,2020,2021,2022,2023,2024",29,3900,11623,12665,28103,30772,58198,51723,9954
ksw,Mymr,ksw_Mymr,S'gaw Karen,ဲ,Mn,MYANMAR VOWEL SIGN AI,190667,9,"2014,2017,2018,2019,2020,2021,2022,2023,2024",24,3285,10560,11526,28100,25588,53997,49454,8133
ksw,Mymr,ksw_Mymr,S'gaw Karen,ံ,Mn,MYANMAR SIGN ANUSVARA,152663,9,"2014,2017,2018,2019,2020,2021,2022,2023,2024",21,2493,7875,8887,21238,21718,44886,39057,6488
ksw,Mymr,ksw_Mymr,S'gaw Karen,န,Lo,MYANMAR LETTER NA,144111,9,"2014,2017,2018,2019,2020,2021,2022,2023,2024",14,2487,7756,7420,18037,20475,40401,40712,6809
ksw,Mymr,ksw_Mymr,S'gaw Karen,သ,Lo,MYANMAR LETTER SA,137350,9,"2014,2017,2018,2019,2020,2021,2022,2023,2024",16,2230,7124,7675,17333,19515,41647,35712,6098
ksw,Mymr,ksw_Mymr,S'gaw Karen,ဒ,Lo,MYANMAR LETTER DA,133734,9,"2014,2017,2018,2019,2020,2021,2022,2023,2024",35,2121,6898,7558,17948,19698,39467,33644,6365
ksw,Mymr,ksw_Mymr,S'gaw Karen,မ,Lo,MYANMAR LETTER MA,130234,9,"2014,2017,2018,2019,2020,2021,2022,2023,2024",28,2595,7703,7205,16645,19397,35815,34430,6416
ksw,Mymr,ksw_Mymr,S'gaw Karen,ပ,Lo,MYANMAR LETTER PA,118055,9,"2014,2017,2018,2019,2020,2021,2022,2023,2024",19,2430,7708,6946,14547,17797,32025,30369,6214
ksw,Mymr,ksw_Mymr,S'gaw Karen,ဖ,Lo,MYANMAR LETTER PHA,115752,9,"2014,2017,2018,2019,2020,2021,2022,2023,2024",8,1701,5182,6463,15720,16628,33885,30744,5421
ksw,Mymr,ksw_Mymr,S'gaw Karen,ဘ,Lo,MYANMAR LETTER BHA,95221,9,"2014,2017,2018,2019,2020,2021,2022,2023,2024",11,1822,5487,5347,12410,14389,27269,24226,4260
ksw,Mymr,ksw_Mymr,S'gaw Karen,ူ,Mn,MYANMAR VOWEL SIGN UU,82670,9,"2014,2017,2018,2019,2020,2021,2022,2023,2024",5,1409,4129,4966,11278,12065,23484,21447,3887
ksw,Mymr,ksw_Mymr,S'gaw Karen,ု,Mn,MYANMAR VOWEL SIGN U,81524,9,"2014,2017,2018,2019,2020,2021,2022,2023,2024",13,1187,3671,5035,11462,11901,24055,20892,3308
ksw,Mymr,ksw_Mymr,S'gaw Karen,စ,Lo,MYANMAR LETTER CA,76224,9,"2014,2017,2018,2019,2020,2021,2022,2023,2024",3,1402,4654,4485,10444,11028,21572,19071,3565
ksw,Mymr,ksw_Mymr,S'gaw Karen,ာ,Mc,MYANMAR VOWEL SIGN AA,74602,9,"2014,2017,2018,2019,2020,2021,2022,2023,2024",6,1308,4428,4382,10609,10880,20902,18954,3133
ksw,Mymr,ksw_Mymr,S'gaw Karen,ထ,Lo,MYANMAR LETTER THA,72793,9,"2014,2017,2018,2019,2020,2021,2022,2023,2024",8,1184,3396,4522,10138,10506,20887,18507,3645
ksw,Mymr,ksw_Mymr,S'gaw Karen,ခ,Lo,MYANMAR LETTER KHA,71644,9,"2014,2017,2018,2019,2020,2021,2022,2023,2024",17,944,3122,4685,10367,10469,20630,18418,2992
ksw,Mymr,ksw_Mymr,S'gaw Karen,e,Ll,LATIN SMALL LETTER E,67714,9,"2014,2017,2018,2019,2020,2021,2022,2023,2024",41,1796,469,1077,1873,30349,19979,10565,1565
ksw,Mymr,ksw_Mymr,S'gaw Karen,ါ,Mc,MYANMAR VOWEL SIGN TALL AA,65281,9,"2014,2017,2018,2019,2020,2021,2022,2023,2024",6,1014,3323,3501,8666,9578,19458,17013,2722
ksw,Mymr,ksw_Mymr,S'gaw Karen,ျ,Mc,MYANMAR CONSONANT SIGN MEDIAL YA,63731,9,"2014,2017,2018,2019,2020,2021,2022,2023,2024",6,871,2410,3337,7803,8850,18558,18936,2960
ksw,Mymr,ksw_Mymr,S'gaw Karen,၀,Nd,MYANMAR DIGIT ZERO,61130,8,"2017,2018,2019,2020,2021,2022,2023,2024",0,164,622,4437,13496,8215,20571,12735,890
ksw,Mymr,ksw_Mymr,S'gaw Karen,ဂ,Lo,MYANMAR LETTER GA,60563,9,"2014,2017,2018,2019,2020,2021,2022,2023,2024",3,1013,3076,3403,8061,8601,17671,15823,2912
ksw,Mymr,ksw_Mymr,S'gaw Karen,ဆ,Lo,MYANMAR LETTER CHA,54240,9,"2014,2017,2018,2019,2020,2021,2022,2023,2024",2,1045,3171,2522,6736,7951,15606,14416,2791
ksw,Mymr,ksw_Mymr,S'gaw Karen,.,Po,FULL STOP,46401,9,"2014,2017,2018,2019,2020,2021,2022,2023,2024",16,1660,4881,2088,3418,9702,11217,10417,3002
ksw,Mymr,ksw_Mymr,S'gaw Karen,ှ,Mn,MYANMAR CONSONANT SIGN MEDIAL HA,45789,9,"2014,2017,2018,2019,2020,2021,2022,2023,2024",7,1462,4314,1830,4282,6660,11810,12489,2935
ksw,Mymr,ksw_Mymr,S'gaw Karen,a,Ll,LATIN SMALL LETTER A,45553,9,"2014,2017,2018,2019,2020,2021,2022,2023,2024",64,1282,437,697,1666,19057,12987,8257,1106
ksw,Mymr,ksw_Mymr,S'gaw Karen,ယ,Lo,MYANMAR LETTER YA,44907,9,"2014,2017,2018,2019,2020,2021,2022,2023,2024",5,1382,4028,2153,4648,8171,11956,10392,2172
ksw,Mymr,ksw_Mymr,S'gaw Karen,o,Ll,LATIN SMALL LETTER O,43333,9,"2014,2017,2018,2019,2020,2021,2022,2023,2024",30,1177,379,688,1482,19582,13552,5308,1135
ksw,Mymr,ksw_Mymr,S'gaw Karen,t,Ll,LATIN SMALL LETTER T,41646,9,"2014,2017,2018,2019,2020,2021,2022,2023,2024",17,1237,358,675,1214,18637,12833,5539,1136
ksw,Mymr,ksw_Mymr,S'gaw Karen,i,Ll,LATIN SMALL LETTER I,38510,9,"2014,2017,2018,2019,2020,2021,2022,2023,2024",33,1026,383,623,1274,15573,11075,7417,1106
ksw,Mymr,ksw_Mymr,S'gaw Karen,ွ,Mn,MYANMAR CONSONANT SIGN MEDIAL WA,37795,9,"2014,2017,2018,2019,2020,2021,2022,2023,2024",7,991,2710,1838,4345,5886,9884,10064,2070
ksw,Mymr,ksw_Mymr,S'gaw Karen,n,Ll,LATIN SMALL LETTER N,37446,9,"2014,2017,2018,2019,2020,2021,2022,2023,2024",39,1123,378,698,1320,15959,11139,5573,1217
ksw,Mymr,ksw_Mymr,S'gaw Karen,ဟ,Lo,MYANMAR LETTER HA,36746,9,"2014,2017,2018,2019,2020,2021,2022,2023,2024",10,904,2503,1913,4759,5196,10663,9265,1533
ksw,Mymr,ksw_Mymr,S'gaw Karen,r,Ll,LATIN SMALL LETTER R,35270,9,"2014,2017,2018,2019,2020,2021,2022,2023,2024",25,1091,309,645,1244,15395,10350,5298,913
ksw,Mymr,ksw_Mymr,S'gaw Karen,ရ,Lo,MYANMAR LETTER RA,34400,8,"2017,2018,2019,2020,2021,2022,2023,2024",0,601,1575,2269,5432,5220,9044,8492,1767
ksw,Mymr,ksw_Mymr,S'gaw Karen,ဃ,Lo,MYANMAR LETTER GHA,33351,9,"2014,2017,2018,2019,2020,2021,2022,2023,2024",5,574,1876,1870,4330,4409,9592,9261,1434
ksw,Mymr,ksw_Mymr,S'gaw Karen,ဝ,Lo,MYANMAR LETTER WA,33224,9,"2014,2017,2018,2019,2020,2021,2022,2023,2024",12,1529,5034,1206,2659,3444,6812,10152,2376
ksw,Mymr,ksw_Mymr,S'gaw Karen,s,Ll,LATIN SMALL LETTER S,31900,9,"2014,2017,2018,2019,2020,2021,2022,2023,2024",12,890,242,449,874,15206,9505,3844,878
ksw,Mymr,ksw_Mymr,S'gaw Karen,",",Po,COMMA,29784,9,"2014,2017,2018,2019,2020,2021,2022,2023,2024",56,536,1375,713,1080,8141,8238,7209,2436
ksw,Mymr,ksw_Mymr,S'gaw Karen,h,Ll,LATIN SMALL LETTER H,24849,9,"2014,2017,2018,2019,2020,2021,2022,2023,2024",23,541,145,275,581,12811,7577,2454,442
ksw,Mymr,ksw_Mymr,S'gaw Karen,d,Ll,LATIN SMALL LETTER D,23359,9,"2014,2017,2018,2019,2020,2021,2022,2023,2024",1,435,134,255,501,10216,6705,4638,474
ksw,Mymr,ksw_Mymr,S'gaw Karen,l,Ll,LATIN SMALL LETTER L,22163,9,"2014,2017,2018,2019,2020,2021,2022,2023,2024",15,656,212,334,646,9682,6483,3496,639
ksw,Mymr,ksw_Mymr,S'gaw Karen,ည,Lo,MYANMAR LETTER NNYA,20759,9,"2014,2017,2018,2019,2020,2021,2022,2023,2024",5,334,789,1739,3328,3090,5716,4895,863
ksw,Mymr,ksw_Mymr,S'gaw Karen,),Pe,RIGHT PARENTHESIS,20548,9,"2014,2017,2018,2019,2020,2021,2022,2023,2024",5,275,676,1553,2642,2087,7115,5413,782
ksw,Mymr,ksw_Mymr,S'gaw Karen,(,Ps,LEFT PARENTHESIS,20484,9,"2014,2017,2018,2019,2020,2021,2022,2023,2024",5,272,677,1552,2639,2077,7057,5431,774
ksw,Mymr,ksw_Mymr,S'gaw Karen,ႉ,Mc,MYANMAR SIGN SHAN TONE-5,17118,7,"2017,2019,2020,2021,2022,2023,2024",0,5,0,1593,3629,2181,6237,3409,64
ksw,Mymr,ksw_Mymr,S'gaw Karen,u,Ll,LATIN SMALL LETTER U,16293,9,"2014,2017,2018,2019,2020,2021,2022,2023,2024",15,498,121,273,595,7458,4752,2109,472
ksw,Mymr,ksw_Mymr,S'gaw Karen,c,Ll,LATIN SMALL LETTER C,14886,9,"2014,2017,2018,2019,2020,2021,2022,2023,2024",6,529,146,315,542,5361,3934,3622,431
ksw,Mymr,ksw_Mymr,S'gaw Karen,၁,Nd,MYANMAR DIGIT ONE,14657,8,"2017,2018,2019,2020,2021,2022,2023,2024",0,509,1600,872,2428,2775,3428,2587,458
ksw,Mymr,ksw_Mymr,S'gaw Karen,m,Ll,LATIN SMALL LETTER M,13917,9,"2014,2017,2018,2019,2020,2021,2022,2023,2024",17,422,95,223,408,6018,4403,1874,457
ksw,Mymr,ksw_Mymr,S'gaw Karen,~,Sm,TILDE,13671,3,"2021,2022,2023",0,0,0,0,0,9661,3716,294,0
ksw,Mymr,ksw_Mymr,S'gaw Karen,-,Pd,HYPHEN-MINUS,13478,9,"2014,2017,2018,2019,2020,2021,2022,2023,2024",11,108,223,402,942,2705,4132,4163,792
ksw,Mymr,ksw_Mymr,S'gaw Karen,၂,Nd,MYANMAR DIGIT TWO,12815,8,"2017,2018,2019,2020,2021,2022,2023,2024",0,265,816,692,2180,2166,3539,2751,406
ksw,Mymr,ksw_Mymr,S'gaw Karen,ၦ,Lo,MYANMAR LETTER WESTERN PWO KAREN PWA,11490,7,"2017,2019,2020,2021,2022,2023,2024",0,4,0,1184,2749,1497,3779,2168,109
ksw,Mymr,ksw_Mymr,S'gaw Karen,y,Ll,LATIN SMALL LETTER Y,11370,9,"2014,2017,2018,2019,2020,2021,2022,2023,2024",6,215,67,109,265,5158,3780,1484,286
ksw,Mymr,ksw_Mymr,S'gaw Karen,f,Ll,LATIN SMALL LETTER F,10807,9,"2014,2017,2018,2019,2020,2021,2022,2023,2024",6,254,55,137,243,5357,3572,1028,155
ksw,Mymr,ksw_Mymr,S'gaw Karen,g,Ll,LATIN SMALL LETTER G,10713,9,"2014,2017,2018,2019,2020,2021,2022,2023,2024",22,355,112,235,391,4645,3296,1358,299
ksw,Mymr,ksw_Mymr,S'gaw Karen,w,Ll,LATIN SMALL LETTER W,10443,9,"2014,2017,2018,2019,2020,2021,2022,2023,2024",10,174,84,115,363,5336,3268,887,206
ksw,Mymr,ksw_Mymr,S'gaw Karen,ႇ,Mc,MYANMAR SIGN SHAN TONE-2,10217,6,"2019,2020,2021,2022,2023,2024",0,0,0,1009,3043,1491,3208,1434,32
ksw,Mymr,ksw_Mymr,S'gaw Karen,p,Ll,LATIN SMALL LETTER P,9910,9,"2014,2017,2018,2019,2020,2021,2022,2023,2024",6,310,98,178,376,4247,2838,1535,322
ksw,Mymr,ksw_Mymr,S'gaw Karen,ၠ,Mn,MYANMAR CONSONANT SIGN MON MEDIAL LA,9524,8,"2017,2018,2019,2020,2021,2022,2023,2024",0,65,189,879,1665,1256,2890,2394,186
ksw,Mymr,ksw_Mymr,S'gaw Karen,ြ,Mc,MYANMAR CONSONANT SIGN MEDIAL RA,7808,9,"2014,2017,2018,2019,2020,2021,2022,2023,2024",7,92,385,309,1097,1204,1999,2380,335
ksw,Mymr,ksw_Mymr,S'gaw Karen,C,Lu,LATIN CAPITAL LETTER C,7235,9,"2014,2017,2018,2019,2020,2021,2022,2023,2024",6,98,46,314,696,1362,2454,1735,524
ksw,Mymr,ksw_Mymr,S'gaw Karen,:,Po,COLON,6985,9,"2014,2017,2018,2019,2020,2021,2022,2023,2024",3,294,937,30,395,1493,2253,574,1006
ksw,Mymr,ksw_Mymr,S'gaw Karen,I,Lu,LATIN CAPITAL LETTER I,6604,9,"2014,2017,2018,2019,2020,2021,2022,2023,2024",1,39,32,77,216,2399,2630,1059,151
ksw,Mymr,ksw_Mymr,S'gaw Karen,ၥ,Lo,MYANMAR LETTER WESTERN PWO KAREN THA,6468,8,"2017,2018,2019,2020,2021,2022,2023,2024",0,14,41,1006,154,837,1873,1705,838
ksw,Mymr,ksw_Mymr,S'gaw Karen,v,Ll,LATIN SMALL LETTER V,6369,9,"2014,2017,2018,2019,2020,2021,2022,2023,2024",1,216,41,90,256,2848,1879,750,288
ksw,Mymr,ksw_Mymr,S'gaw Karen,1,Nd,DIGIT ONE,6276,9,"2014,2017,2018,2019,2020,2021,2022,2023,2024",5,27,72,123,294,2042,2160,1354,199
ksw,Mymr,ksw_Mymr,S'gaw Karen,b,Ll,LATIN SMALL LETTER B,6126,9,"2014,2017,2018,2019,2020,2021,2022,2023,2024",15,136,66,84,139,2992,1838,690,166
ksw,Mymr,ksw_Mymr,S'gaw Karen,D,Lu,LATIN CAPITAL LETTER D,5912,8,"2017,2018,2019,2020,2021,2022,2023,2024",0,51,45,95,435,1042,2435,1528,281
ksw,Mymr,ksw_Mymr,S'gaw Karen,A,Lu,LATIN CAPITAL LETTER A,5742,9,"2014,2017,2018,2019,2020,2021,2022,2023,2024",3,64,89,246,505,1379,2069,1244,143
ksw,Mymr,ksw_Mymr,S'gaw Karen,N,Lu,LATIN CAPITAL LETTER N,5461,9,"2014,2017,2018,2019,2020,2021,2022,2023,2024",5,17,38,250,866,1062,1917,1232,74
ksw,Mymr,ksw_Mymr,S'gaw Karen,“,Pi,LEFT DOUBLE QUOTATION MARK,5195,8,"2017,2018,2019,2020,2021,2022,2023,2024",0,146,608,193,754,704,1199,1204,387
ksw,Mymr,ksw_Mymr,S'gaw Karen,”,Pf,RIGHT DOUBLE QUOTATION MARK,5139,8,"2017,2018,2019,2020,2021,2022,2023,2024",0,146,609,223,752,690,1174,1154,391
ksw,Mymr,ksw_Mymr,S'gaw Karen,၃,Nd,MYANMAR DIGIT THREE,4914,8,"2017,2018,2019,2020,2021,2022,2023,2024",0,163,567,244,684,783,1178,1107,188
ksw,Mymr,ksw_Mymr,S'gaw Karen,K,Lu,LATIN CAPITAL LETTER K,4456,9,"2014,2017,2018,2019,2020,2021,2022,2023,2024",8,110,24,263,787,862,1418,930,54
ksw,Mymr,ksw_Mymr,S'gaw Karen,၅,Nd,MYANMAR DIGIT FIVE,4340,8,"2017,2018,2019,2020,2021,2022,2023,2024",0,112,416,194,713,647,1179,950,129
ksw,Mymr,ksw_Mymr,S'gaw Karen,O,Lu,LATIN CAPITAL LETTER O,4331,9,"2014,2017,2018,2019,2020,2021,2022,2023,2024",2,47,55,116,301,947,1847,899,117
ksw,Mymr,ksw_Mymr,S'gaw Karen,M,Lu,LATIN CAPITAL LETTER M,4240,9,"2014,2017,2018,2019,2020,2021,2022,2023,2024",2,111,43,130,224,635,928,2038,129
ksw,Mymr,ksw_Mymr,S'gaw Karen,P,Lu,LATIN CAPITAL LETTER P,4034,9,"2014,2017,2018,2019,2020,2021,2022,2023,2024",3,89,42,291,397,954,1053,1007,198
ksw,Mymr,ksw_Mymr,S'gaw Karen,၄,Nd,MYANMAR DIGIT FOUR,3954,8,"2017,2018,2019,2020,2021,2022,2023,2024",0,145,477,230,639,616,890,828,129
ksw,Mymr,ksw_Mymr,S'gaw Karen,k,Ll,LATIN SMALL LETTER K,3928,9,"2014,2017,2018,2019,2020,2021,2022,2023,2024",6,59,39,67,112,1662,1211,578,194
ksw,Mymr,ksw_Mymr,S'gaw Karen,2,Nd,DIGIT TWO,3857,8,"2017,2018,2019,2020,2021,2022,2023,2024",0,24,55,92,180,1235,1055,1094,122
ksw,Mymr,ksw_Mymr,S'gaw Karen,S,Lu,LATIN CAPITAL LETTER S,3850,9,"2014,2017,2018,2019,2020,2021,2022,2023,2024",6,98,63,195,450,896,945,994,203
ksw,Mymr,ksw_Mymr,S'gaw Karen,G,Lu,LATIN CAPITAL LETTER G,3723,9,"2014,2017,2018,2019,2020,2021,2022,2023,2024",4,10,23,47,169,1594,1286,449,141
ksw,Mymr,ksw_Mymr,S'gaw Karen,ဧ,Lo,MYANMAR LETTER E,3549,8,"2017,2018,2019,2020,2021,2022,2023,2024",0,98,413,239,277,692,916,754,160
ksw,Mymr,ksw_Mymr,S'gaw Karen,B,Lu,LATIN CAPITAL LETTER B,3379,9,"2014,2017,2018,2019,2020,2021,2022,2023,2024",8,58,26,77,253,1074,1116,708,59
ksw,Mymr,ksw_Mymr,S'gaw Karen,T,Lu,LATIN CAPITAL LETTER T,3375,9,"2014,2017,2018,2019,2020,2021,2022,2023,2024",10,124,67,120,168,1102,877,778,129
ksw,Mymr,ksw_Mymr,S'gaw Karen,0,Nd,DIGIT ZERO,3282,8,"2017,2018,2019,2020,2021,2022,2023,2024",0,27,76,97,226,789,894,988,185
ksw,Mymr,ksw_Mymr,S'gaw Karen,၉,Nd,MYANMAR DIGIT NINE,3229,8,"2017,2018,2019,2020,2021,2022,2023,2024",0,86,228,331,673,538,759,528,86
ksw,Mymr,ksw_Mymr,S'gaw Karen,၆,Nd,MYANMAR DIGIT SIX,3022,8,"2017,2018,2019,2020,2021,2022,2023,2024",0,90,310,191,512,470,714,645,90
ksw,Mymr,ksw_Mymr,S'gaw Karen,9,Nd,DIGIT NINE,3012,9,"2014,2017,2018,2019,2020,2021,2022,2023,2024",1,5,33,34,185,671,1323,644,116
ksw,Mymr,ksw_Mymr,S'gaw Karen,H,Lu,LATIN CAPITAL LETTER H,2963,9,"2014,2017,2018,2019,2020,2021,2022,2023,2024",3,41,24,17,139,1062,844,671,162
ksw,Mymr,ksw_Mymr,S'gaw Karen,ႋ,Mc,MYANMAR SIGN SHAN COUNCIL TONE-2,2899,6,"2018,2020,2021,2022,2023,2024",0,0,73,0,187,556,492,1528,63
ksw,Mymr,ksw_Mymr,S'gaw Karen,၇,Nd,MYANMAR DIGIT SEVEN,2846,8,"2017,2018,2019,2020,2021,2022,2023,2024",0,90,258,172,480,427,663,662,94
ksw,Mymr,ksw_Mymr,S'gaw Karen,၈,Nd,MYANMAR DIGIT EIGHT,2792,8,"2017,2018,2019,2020,2021,2022,2023,2024",0,103,272,185,485,481,707,476,83
ksw,Mymr,ksw_Mymr,S'gaw Karen,W,Lu,LATIN CAPITAL LETTER W,2606,9,"2014,2017,2018,2019,2020,2021,2022,2023,2024",1,38,42,68,114,955,988,308,92
ksw,Mymr,ksw_Mymr,S'gaw Karen,L,Lu,LATIN CAPITAL LETTER L,2602,9,"2014,2017,2018,2019,2020,2021,2022,2023,2024",5,40,37,52,246,665,860,611,86
ksw,Mymr,ksw_Mymr,S'gaw Karen,V,Lu,LATIN CAPITAL LETTER V,2585,9,"2014,2017,2018,2019,2020,2021,2022,2023,2024",2,15,9,17,138,427,1255,627,95
ksw,Mymr,ksw_Mymr,S'gaw Karen,’,Pf,RIGHT SINGLE QUOTATION MARK,2472,8,"2017,2018,2019,2020,2021,2022,2023,2024",0,34,60,4,44,981,837,428,84
ksw,Mymr,ksw_Mymr,S'gaw Karen,E,Lu,LATIN CAPITAL LETTER E,2400,8,"2017,2018,2019,2020,2021,2022,2023,2024",0,56,73,66,139,696,779,459,132
ksw,Mymr,ksw_Mymr,S'gaw Karen,F,Lu,LATIN CAPITAL LETTER F,2323,9,"2014,2017,2018,2019,2020,2021,2022,2023,2024",1,75,40,70,134,466,841,619,77
ksw,Mymr,ksw_Mymr,S'gaw Karen,U,Lu,LATIN CAPITAL LETTER U,2212,8,"2017,2018,2019,2020,2021,2022,2023,2024",0,11,26,76,387,382,655,639,36
ksw,Mymr,ksw_Mymr,S'gaw Karen,R,Lu,LATIN CAPITAL LETTER R,2186,8,"2017,2018,2019,2020,2021,2022,2023,2024",0,33,48,59,184,648,675,333,206
ksw,Mymr,ksw_Mymr,S'gaw Karen,–,Pd,EN DASH,1990,8,"2017,2018,2019,2020,2021,2022,2023,2024",0,72,257,33,361,281,527,427,32
ksw,Mymr,ksw_Mymr,S'gaw Karen,3,Nd,DIGIT THREE,1648,8,"2017,2018,2019,2020,2021,2022,2023,2024",0,9,36,51,60,554,408,443,87
ksw,Mymr,ksw_Mymr,S'gaw Karen,ၡ,Lo,MYANMAR LETTER SGAW KAREN SHA,1538,9,"2014,2017,2018,2019,2020,2021,2022,2023,2024",1,75,229,19,261,370,317,221,45
ksw,Mymr,ksw_Mymr,S'gaw Karen,5,Nd,DIGIT FIVE,1502,8,"2017,2018,2019,2020,2021,2022,2023,2024",0,5,45,51,67,368,433,400,133
ksw,Mymr,ksw_Mymr,S'gaw Karen,J,Lu,LATIN CAPITAL LETTER J,1453,9,"2014,2017,2018,2019,2020,2021,2022,2023,2024",1,10,7,32,90,628,456,144,85
ksw,Mymr,ksw_Mymr,S'gaw Karen,‘,Pi,LEFT SINGLE QUOTATION MARK,1441,7,"2017,2018,2020,2021,2022,2023,2024",0,16,56,0,30,395,548,349,47
ksw,Mymr,ksw_Mymr,S'gaw Karen,8,Nd,DIGIT EIGHT,1365,8,"2017,2018,2019,2020,2021,2022,2023,2024",0,4,37,30,69,410,407,357,51
ksw,Mymr,ksw_Mymr,S'gaw Karen,6,Nd,DIGIT SIX,1292,8,"2017,2018,2019,2020,2021,2022,2023,2024",0,8,37,37,38,323,428,333,88
ksw,Mymr,ksw_Mymr,S'gaw Karen,၊,Po,MYANMAR SIGN LITTLE SECTION,1289,6,"2019,2020,2021,2022,2023,2024",0,0,0,293,303,45,191,456,1
ksw,Mymr,ksw_Mymr,S'gaw Karen,Y,Lu,LATIN CAPITAL LETTER Y,1212,9,"2014,2017,2018,2019,2020,2021,2022,2023,2024",1,7,7,36,63,486,406,183,23
ksw,Mymr,ksw_Mymr,S'gaw Karen,4,Nd,DIGIT FOUR,1201,8,"2017,2018,2019,2020,2021,2022,2023,2024",0,9,28,46,35,378,309,316,80
ksw,Mymr,ksw_Mymr,S'gaw Karen,|,Sm,VERTICAL LINE,1192,8,"2014,2017,2018,2020,2021,2022,2023,2024",2,1,31,0,273,36,448,385,16
ksw,Mymr,ksw_Mymr,S'gaw Karen,7,Nd,DIGIT SEVEN,1073,8,"2017,2018,2019,2020,2021,2022,2023,2024",0,5,26,32,39,310,312,281,68
ksw,Mymr,ksw_Mymr,S'gaw Karen,/,Po,SOLIDUS,948,9,"2014,2017,2018,2019,2020,2021,2022,2023,2024",4,48,6,45,106,79,257,351,52
ksw,Mymr,ksw_Mymr,S'gaw Karen,‚,Ps,SINGLE LOW-9 QUOTATION MARK,833,4,"2019,2020,2022,2023",0,0,0,2,11,0,454,366,0
ksw,Mymr,ksw_Mymr,S'gaw Karen,;,Po,SEMICOLON,818,8,"2017,2018,2019,2020,2021,2022,2023,2024",0,52,122,1,82,365,94,9,93
ksw,Mymr,ksw_Mymr,S'gaw Karen,x,Ll,LATIN SMALL LETTER X,791,8,"2017,2018,2019,2020,2021,2022,2023,2024",0,14,8,13,33,292,254,114,63
ksw,Mymr,ksw_Mymr,S'gaw Karen,?,Po,QUESTION MARK,682,9,"2014,2017,2018,2019,2020,2021,2022,2023,2024",1,4,1,13,4,307,285,53,14
ksw,Mymr,ksw_Mymr,S'gaw Karen,င,Lo,MYANMAR LETTER NGA,680,8,"2017,2018,2019,2020,2021,2022,2023,2024",0,12,2,67,147,177,134,135,6
ksw,Mymr,ksw_Mymr,S'gaw Karen,z,Ll,LATIN SMALL LETTER Z,656,9,"2014,2017,2018,2019,2020,2021,2022,2023,2024",1,7,12,5,21,203,229,101,77
ksw,Mymr,ksw_Mymr,S'gaw Karen,—,Pd,EM DASH,591,8,"2017,2018,2019,2020,2021,2022,2023,2024",0,88,274,7,115,21,56,7,23
ksw,Mymr,ksw_Mymr,S'gaw Karen,=,Sm,EQUALS SIGN,549,9,"2014,2017,2018,2019,2020,2021,2022,2023,2024",4,2,18,23,152,203,116,22,9
ksw,Mymr,ksw_Mymr,S'gaw Karen,j,Ll,LATIN SMALL LETTER J,491,8,"2017,2018,2019,2020,2021,2022,2023,2024",0,15,19,8,15,211,161,50,12
ksw,Mymr,ksw_Mymr,S'gaw Karen,>,Sm,GREATER-THAN SIGN,488,5,"2020,2021,2022,2023,2024",0,0,0,0,1,8,268,69,142
ksw,Mymr,ksw_Mymr,S'gaw Karen,_,Pc,LOW LINE,438,6,"2017,2018,2019,2020,2022,2023",0,3,3,2,2,0,161,267,0
ksw,Mymr,ksw_Mymr,S'gaw Karen,ေ,Mc,MYANMAR VOWEL SIGN E,364,7,"2017,2018,2019,2020,2021,2022,2023",0,3,2,57,88,141,28,45,0
ksw,Mymr,ksw_Mymr,S'gaw Karen,"""",Po,QUOTATION MARK,359,6,"2019,2020,2021,2022,2023,2024",0,0,0,12,8,35,95,166,43
ksw,Mymr,ksw_Mymr,S'gaw Karen,&,Po,AMPERSAND,313,7,"2014,2019,2020,2021,2022,2023,2024",3,0,0,9,51,15,174,47,14
ksw,Mymr,ksw_Mymr,S'gaw Karen,<,Sm,LESS-THAN SIGN,276,6,"2018,2019,2020,2022,2023,2024",0,0,3,4,4,0,228,28,9
ksw,Mymr,ksw_Mymr,S'gaw Karen,q,Ll,LATIN SMALL LETTER Q,224,8,"2017,2018,2019,2020,2021,2022,2023,2024",0,7,3,6,6,77,55,38,32
ksw,Mymr,ksw_Mymr,S'gaw Karen,။,Po,MYANMAR SIGN SECTION,204,6,"2017,2019,2020,2021,2022,2023",0,3,0,17,31,7,144,2,0
ksw,Mymr,ksw_Mymr,S'gaw Karen,!,Po,EXCLAMATION MARK,169,6,"2018,2020,2021,2022,2023,2024",0,0,4,0,1,64,79,17,4
ksw,Mymr,ksw_Mymr,S'gaw Karen,*,Po,ASTERISK,156,8,"2017,2018,2019,2020,2021,2022,2023,2024",0,7,26,4,10,6,11,65,27
ksw,Mymr,ksw_Mymr,S'gaw Karen,$,Sc,DOLLAR SIGN,141,5,"2020,2021,2022,2023,2024",0,0,0,0,3,30,38,68,2
ksw,Mymr,ksw_Mymr,S'gaw Karen,',Po,APOSTROPHE,140,6,"2017,2019,2021,2022,2023,2024",0,3,0,7,0,7,66,49,8
ksw,Mymr,ksw_Mymr,S'gaw Karen,@,Po,COMMERCIAL AT,122,8,"2017,2018,2019,2020,2021,2022,2023,2024",0,1,2,1,6,15,54,35,8
ksw,Mymr,ksw_Mymr,S'gaw Karen,Z,Lu,LATIN CAPITAL LETTER Z,120,9,"2014,2017,2018,2019,2020,2021,2022,2023,2024",1,4,2,3,6,33,24,42,5
ksw,Mymr,ksw_Mymr,S'gaw Karen,♦,So,BLACK DIAMOND SUIT,115,1,2023,0,0,0,0,0,0,0,115,0
ksw,Mymr,ksw_Mymr,S'gaw Karen,[,Ps,LEFT SQUARE BRACKET,114,8,"2017,2018,2019,2020,2021,2022,2023,2024",0,1,25,1,11,2,37,24,13
ksw,Mymr,ksw_Mymr,S'gaw Karen,],Pe,RIGHT SQUARE BRACKET,110,8,"2017,2018,2019,2020,2021,2022,2023,2024",0,1,25,1,11,2,40,27,3
ksw,Mymr,ksw_Mymr,S'gaw Karen,X,Lu,LATIN CAPITAL LETTER X,106,6,"2018,2020,2021,2022,2023,2024",0,0,1,0,3,3,16,13,70
ksw,Mymr,ksw_Mymr,S'gaw Karen,Q,Lu,LATIN CAPITAL LETTER Q,95,7,"2018,2019,2020,2021,2022,2023,2024",0,0,3,3,12,9,19,38,11
ksw,Mymr,ksw_Mymr,S'gaw Karen,ဇ,Lo,MYANMAR LETTER JA,94,7,"2017,2019,2020,2021,2022,2023,2024",0,2,0,13,20,26,14,18,1
ksw,Mymr,ksw_Mymr,S'gaw Karen,},Pe,RIGHT CURLY BRACKET,93,3,"2021,2022,2024",0,0,0,0,0,3,49,0,41
ksw,Mymr,ksw_Mymr,S'gaw Karen,{,Ps,LEFT CURLY BRACKET,93,3,"2021,2022,2024",0,0,0,0,0,3,49,0,41
ksw,Mymr,ksw_Mymr,S'gaw Karen,о,Ll,CYRILLIC SMALL LETTER O,89,1,2022,0,0,0,0,0,0,89,0,0
ksw,Mymr,ksw_Mymr,S'gaw Karen,и,Ll,CYRILLIC SMALL LETTER I,79,1,2022,0,0,0,0,0,0,79,0,0
ksw,Mymr,ksw_Mymr,S'gaw Karen,е,Ll,CYRILLIC SMALL LETTER IE,77,1,2022,0,0,0,0,0,0,77,0,0
ksw,Mymr,ksw_Mymr,S'gaw Karen,္,Mn,MYANMAR SIGN VIRAMA,70,6,"2017,2019,2020,2021,2022,2023",0,28,0,9,6,19,6,2,0
ksw,Mymr,ksw_Mymr,S'gaw Karen,н,Ll,CYRILLIC SMALL LETTER EN,62,1,2022,0,0,0,0,0,0,62,0,0
ksw,Mymr,ksw_Mymr,S'gaw Karen,а,Ll,CYRILLIC SMALL LETTER A,60,1,2022,0,0,0,0,0,0,60,0,0
ksw,Mymr,ksw_Mymr,S'gaw Karen,%,Po,PERCENT SIGN,58,5,"2020,2021,2022,2023,2024",0,0,0,0,6,9,11,23,9
ksw,Mymr,ksw_Mymr,S'gaw Karen,+,Sm,PLUS SIGN,56,7,"2017,2018,2019,2020,2021,2022,2023",0,4,14,4,5,4,5,20,0
ksw,Mymr,ksw_Mymr,S'gaw Karen,т,Ll,CYRILLIC SMALL LETTER TE,50,1,2022,0,0,0,0,0,0,50,0,0
ksw,Mymr,ksw_Mymr,S'gaw Karen,#,Po,NUMBER SIGN,49,5,"2020,2021,2022,2023,2024",0,0,0,0,5,2,21,14,7
ksw,Mymr,ksw_Mymr,S'gaw Karen,^,Sk,CIRCUMFLEX ACCENT,44,7,"2017,2018,2020,2021,2022,2023,2024",0,3,27,0,6,2,4,1,1
ksw,Mymr,ksw_Mymr,S'gaw Karen,в,Ll,CYRILLIC SMALL LETTER VE,36,1,2022,0,0,0,0,0,0,36,0,0
ksw,Mymr,ksw_Mymr,S'gaw Karen,ဗ,Lo,MYANMAR LETTER BA,36,5,"2019,2020,2021,2022,2023",0,0,0,4,19,7,2,4,0
ksw,Mymr,ksw_Mymr,S'gaw Karen,р,Ll,CYRILLIC SMALL LETTER ER,34,1,2022,0,0,0,0,0,0,34,0,0
ksw,Mymr,ksw_Mymr,S'gaw Karen,̃,Mn,COMBINING TILDE,34,3,"2020,2021,2022",0,0,0,0,18,6,10,0,0
ksw,Mymr,ksw_Mymr,S'gaw Karen,с,Ll,CYRILLIC SMALL LETTER ES,34,1,2022,0,0,0,0,0,0,34,0,0
ksw,Mymr,ksw_Mymr,S'gaw Karen,®,So,REGISTERED SIGN,33,3,"2022,2023,2024",0,0,0,0,0,0,6,26,1
ksw,Mymr,ksw_Mymr,S'gaw Karen,м,Ll,CYRILLIC SMALL LETTER EM,33,1,2022,0,0,0,0,0,0,33,0,0
ksw,Mymr,ksw_Mymr,S'gaw Karen,•,Po,BULLET,33,4,"2019,2020,2023,2024",0,0,0,3,5,0,0,21,4
ksw,Mymr,ksw_Mymr,S'gaw Karen,л,Ll,CYRILLIC SMALL LETTER EL,28,1,2022,0,0,0,0,0,0,28,0,0
ksw,Mymr,ksw_Mymr,S'gaw Karen,п,Ll,CYRILLIC SMALL LETTER PE,27,1,2022,0,0,0,0,0,0,27,0,0
ksw,Mymr,ksw_Mymr,S'gaw Karen,ဌ,Lo,MYANMAR LETTER TTHA,27,4,"2019,2020,2021,2023",0,0,0,12,12,2,0,1,0
ksw,Mymr,ksw_Mymr,S'gaw Karen,ы,Ll,CYRILLIC SMALL LETTER YERU,25,1,2022,0,0,0,0,0,0,25,0,0
ksw,Mymr,ksw_Mymr,S'gaw Karen,к,Ll,CYRILLIC SMALL LETTER KA,25,1,2022,0,0,0,0,0,0,25,0,0
ksw,Mymr,ksw_Mymr,S'gaw Karen,‹,Pi,SINGLE LEFT-POINTING ANGLE QUOTATION MARK,24,3,"2020,2021,2022",0,0,0,0,3,19,2,0,0
ksw,Mymr,ksw_Mymr,S'gaw Karen,›,Pf,SINGLE RIGHT-POINTING ANGLE QUOTATION MARK,23,2,"2021,2022",0,0,0,0,0,15,8,0,0
ksw,Mymr,ksw_Mymr,S'gaw Karen,д,Ll,CYRILLIC SMALL LETTER DE,21,1,2022,0,0,0,0,0,0,21,0,0
ksw,Mymr,ksw_Mymr,S'gaw Karen,⁄,Sm,FRACTION SLASH,21,5,"2019,2020,2021,2022,2023",0,0,0,6,7,1,1,6,0
ksw,Mymr,ksw_Mymr,S'gaw Karen,б,Ll,CYRILLIC SMALL LETTER BE,20,1,2022,0,0,0,0,0,0,20,0,0
ksw,Mymr,ksw_Mymr,S'gaw Karen,ဥ,Lo,MYANMAR LETTER U,20,5,"2019,2020,2021,2022,2023",0,0,0,3,4,8,1,4,0
ksw,Mymr,ksw_Mymr,S'gaw Karen,ဏ,Lo,MYANMAR LETTER NNA,20,3,"2020,2021,2023",0,0,0,0,6,12,0,2,0
ksw,Mymr,ksw_Mymr,S'gaw Karen,¶,Po,PILCROW SIGN,20,4,"2019,2020,2021,2022",0,0,0,3,10,4,3,0,0
ksw,Mymr,ksw_Mymr,S'gaw Karen,ဦ,Lo,MYANMAR LETTER UU,19,5,"2019,2020,2021,2022,2023",0,0,0,1,5,10,2,1,0
ksw,Mymr,ksw_Mymr,S'gaw Karen,у,Ll,CYRILLIC SMALL LETTER U,18,1,2022,0,0,0,0,0,0,18,0,0
ksw,Mymr,ksw_Mymr,S'gaw Karen,ч,Ll,CYRILLIC SMALL LETTER CHE,18,1,2022,0,0,0,0,0,0,18,0,0
ksw,Mymr,ksw_Mymr,S'gaw Karen,→,Sm,RIGHTWARDS ARROW,17,2,"2022,2023",0,0,0,0,0,0,4,13,0
ksw,Mymr,ksw_Mymr,S'gaw Karen,з,Ll,CYRILLIC SMALL LETTER ZE,17,1,2022,0,0,0,0,0,0,17,0,0
ksw,Mymr,ksw_Mymr,S'gaw Karen,я,Ll,CYRILLIC SMALL LETTER YA,17,1,2022,0,0,0,0,0,0,17,0,0
ksw,Mymr,ksw_Mymr,S'gaw Karen,©,So,COPYRIGHT SIGN,15,3,"2022,2023,2024",0,0,0,0,0,0,1,9,5
ksw,Mymr,ksw_Mymr,S'gaw Karen,х,Ll,CYRILLIC SMALL LETTER HA,13,1,2022,0,0,0,0,0,0,13,0,0
ksw,Mymr,ksw_Mymr,S'gaw Karen,ь,Ll,CYRILLIC SMALL LETTER SOFT SIGN,13,1,2022,0,0,0,0,0,0,13,0,0
ksw,Mymr,ksw_Mymr,S'gaw Karen,ц,Ll,CYRILLIC SMALL LETTER TSE,13,1,2022,0,0,0,0,0,0,13,0,0
ksw,Mymr,ksw_Mymr,S'gaw Karen,၍,Po,MYANMAR SYMBOL COMPLETED,12,3,"2017,2020,2021",0,1,0,0,1,10,0,0,0
ksw,Mymr,ksw_Mymr,S'gaw Karen,§,Po,SECTION SIGN,10,5,"2019,2020,2022,2023,2024",0,0,0,2,2,0,3,2,1
ksw,Mymr,ksw_Mymr,S'gaw Karen,ж,Ll,CYRILLIC SMALL LETTER ZHE,9,1,2022,0,0,0,0,0,0,9,0,0
ksw,Mymr,ksw_Mymr,S'gaw Karen,ñ,Ll,LATIN SMALL LETTER N WITH TILDE,8,2,"2022,2023",0,0,0,0,0,0,1,7,0
ksw,Mymr,ksw_Mymr,S'gaw Karen,\,Po,REVERSE SOLIDUS,8,2,"2022,2023",0,0,0,0,0,0,5,3,0
ksw,Mymr,ksw_Mymr,S'gaw Karen,й,Ll,CYRILLIC SMALL LETTER SHORT I,8,1,2022,0,0,0,0,0,0,8,0,0
ksw,Mymr,ksw_Mymr,S'gaw Karen,×,Sm,MULTIPLICATION SIGN,8,1,2022,0,0,0,0,0,0,8,0,0
ksw,Mymr,ksw_Mymr,S'gaw Karen,é,Ll,LATIN SMALL LETTER E WITH ACUTE,8,3,"2021,2022,2023",0,0,0,0,0,1,6,1,0
ksw,Mymr,ksw_Mymr,S'gaw Karen,ၩ,Mc,MYANMAR SIGN WESTERN PWO KAREN TONE-1,8,3,"2022,2023,2024",0,0,0,0,0,0,4,2,2
ksw,Mymr,ksw_Mymr,S'gaw Karen,г,Ll,CYRILLIC SMALL LETTER GHE,8,1,2022,0,0,0,0,0,0,8,0,0
ksw,Mymr,ksw_Mymr,S'gaw Karen,−,Sm,MINUS SIGN,8,2,"2022,2023",0,0,0,0,0,0,5,3,0
ksw,Mymr,ksw_Mymr,S'gaw Karen,щ,Ll,CYRILLIC SMALL LETTER SHCHA,7,1,2022,0,0,0,0,0,0,7,0,0
ksw,Mymr,ksw_Mymr,S'gaw Karen,ဓ,Lo,MYANMAR LETTER DHA,7,3,"2020,2022,2023",0,0,0,0,1,0,4,2,0
ksw,Mymr,ksw_Mymr,S'gaw Karen,‐,Pd,HYPHEN,6,1,2023,0,0,0,0,0,0,0,6,0
ksw,Mymr,ksw_Mymr,S'gaw Karen,。,Po,IDEOGRAPHIC FULL STOP,6,1,2023,0,0,0,0,0,0,0,6,0
ksw,Mymr,ksw_Mymr,S'gaw Karen,ا,Lo,ARABIC LETTER ALEF,6,1,2022,0,0,0,0,0,0,6,0,0
ksw,Mymr,ksw_Mymr,S'gaw Karen,ဉ,Lo,MYANMAR LETTER NYA,5,2,"2021,2022",0,0,0,0,0,3,2,0,0
ksw,Mymr,ksw_Mymr,S'gaw Karen,́,Mn,COMBINING ACUTE ACCENT,5,2,"2022,2023",0,0,0,0,0,0,4,1,0
ksw,Mymr,ksw_Mymr,S'gaw Karen,С,Lu,CYRILLIC CAPITAL LETTER ES,4,1,2022,0,0,0,0,0,0,4,0,0
ksw,Mymr,ksw_Mymr,S'gaw Karen,ꤢ,Lo,KAYAH LI LETTER A,4,2,"2022,2023",0,0,0,0,0,0,2,2,0
ksw,Mymr,ksw_Mymr,S'gaw Karen,Ù,Lu,LATIN CAPITAL LETTER U WITH GRAVE,4,1,2019,0,0,0,4,0,0,0,0,0
ksw,Mymr,ksw_Mymr,S'gaw Karen,°,So,DEGREE SIGN,4,2,"2018,2023",0,0,1,0,0,0,0,3,0
ksw,Mymr,ksw_Mymr,S'gaw Karen,ၲ,Mn,MYANMAR VOWEL SIGN KAYAH OE,3,2,"2017,2018",0,2,1,0,0,0,0,0,0
ksw,Mymr,ksw_Mymr,S'gaw Karen,ë,Ll,LATIN SMALL LETTER E WITH DIAERESIS,3,1,2018,0,0,3,0,0,0,0,0,0
ksw,Mymr,ksw_Mymr,S'gaw Karen,ဿ,Lo,MYANMAR LETTER GREAT SA,3,2,"2021,2022",0,0,0,0,0,2,1,0,0
ksw,Mymr,ksw_Mymr,S'gaw Karen,د,Lo,ARABIC LETTER DAL,3,1,2022,0,0,0,0,0,0,3,0,0
ksw,Mymr,ksw_Mymr,S'gaw Karen,ဠ,Lo,MYANMAR LETTER LLA,3,1,2023,0,0,0,0,0,0,0,3,0
ksw,Mymr,ksw_Mymr,S'gaw Karen,ၿ,Lo,MYANMAR LETTER SHAN BA,3,1,2017,0,3,0,0,0,0,0,0,0
ksw,Mymr,ksw_Mymr,S'gaw Karen,ႏ,Mc,MYANMAR SIGN RUMAI PALAUNG TONE-5,3,1,2017,0,3,0,0,0,0,0,0,0
ksw,Mymr,ksw_Mymr,S'gaw Karen,â,Ll,LATIN SMALL LETTER A WITH CIRCUMFLEX,3,1,2022,0,0,0,0,0,0,3,0,0
ksw,Mymr,ksw_Mymr,S'gaw Karen,ю,Ll,CYRILLIC SMALL LETTER YU,2,1,2022,0,0,0,0,0,0,2,0,0
ksw,Mymr,ksw_Mymr,S'gaw Karen,↑,Sm,UPWARDS ARROW,2,1,2023,0,0,0,0,0,0,0,2,0
ksw,Mymr,ksw_Mymr,S'gaw Karen,�,So,REPLACEMENT CHARACTER,2,1,2024,0,0,0,0,0,0,0,0,2
ksw,Mymr,ksw_Mymr,S'gaw Karen,꤬,Mn,KAYAH LI TONE CALYA,2,2,"2022,2023",0,0,0,0,0,0,1,1,0
ksw,Mymr,ksw_Mymr,S'gaw Karen,ၺ,Lo,MYANMAR LETTER SHAN NYA,2,1,2019,0,0,0,2,0,0,0,0,0
ksw,Mymr,ksw_Mymr,S'gaw Karen,ဋ,Lo,MYANMAR LETTER TTA,2,2,"2019,2021",0,0,0,1,0,1,0,0,0
ksw,Mymr,ksw_Mymr,S'gaw Karen,ဳ,Mn,MYANMAR VOWEL SIGN MON II,2,1,2019,0,0,0,2,0,0,0,0,0
ksw,Mymr,ksw_Mymr,S'gaw Karen,ဤ,Lo,MYANMAR LETTER II,2,1,2017,0,2,0,0,0,0,0,0,0
ksw,Mymr,ksw_Mymr,S'gaw Karen,ü,Ll,LATIN SMALL LETTER U WITH DIAERESIS,2,2,"2014,2023",1,0,0,0,0,0,0,1,0
ksw,Mymr,ksw_Mymr,S'gaw Karen,၏,Po,MYANMAR SYMBOL GENITIVE,2,1,2021,0,0,0,0,0,2,0,0,0
ksw,Mymr,ksw_Mymr,S'gaw Karen,၌,Po,MYANMAR SYMBOL LOCATIVE,2,1,2021,0,0,0,0,0,2,0,0,0
ksw,Mymr,ksw_Mymr,S'gaw Karen,႕,Nd,MYANMAR SHAN DIGIT FIVE,2,1,2017,0,2,0,0,0,0,0,0,0
ksw,Mymr,ksw_Mymr,S'gaw Karen,∕,Sm,DIVISION SLASH,2,2,"2021,2022",0,0,0,0,0,1,1,0,0
ksw,Mymr,ksw_Mymr,S'gaw Karen,ı,Ll,LATIN SMALL LETTER DOTLESS I,2,1,2022,0,0,0,0,0,0,2,0,0
ksw,Mymr,ksw_Mymr,S'gaw Karen,ꤊ,Lo,KAYAH LI LETTER KA,2,2,"2022,2023",0,0,0,0,0,0,1,1,0
ksw,Mymr,ksw_Mymr,S'gaw Karen,ت,Lo,ARABIC LETTER TEH,2,1,2022,0,0,0,0,0,0,2,0,0
ksw,Mymr,ksw_Mymr,S'gaw Karen,أ,Lo,ARABIC LETTER ALEF WITH HAMZA ABOVE,2,1,2022,0,0,0,0,0,0,2,0,0
ksw,Mymr,ksw_Mymr,S'gaw Karen,ن,Lo,ARABIC LETTER NOON,2,1,2022,0,0,0,0,0,0,2,0,0
ksw,Mymr,ksw_Mymr,S'gaw Karen,و,Lo,ARABIC LETTER WAW,2,1,2022,0,0,0,0,0,0,2,0,0
ksw,Mymr,ksw_Mymr,S'gaw Karen,ر,Lo,ARABIC LETTER REH,2,1,2022,0,0,0,0,0,0,2,0,0
ksw,Mymr,ksw_Mymr,S'gaw Karen,ꤤ,Lo,KAYAH LI LETTER I,2,2,"2022,2023",0,0,0,0,0,0,1,1,0
ksw,Mymr,ksw_Mymr,S'gaw Karen,ꤛ,Lo,KAYAH LI LETTER YA,2,2,"2022,2023",0,0,0,0,0,0,1,1,0
ksw,Mymr,ksw_Mymr,S'gaw Karen,س,Lo,ARABIC LETTER SEEN,2,1,2022,0,0,0,0,0,0,2,0,0
ksw,Mymr,ksw_Mymr,S'gaw Karen,ل,Lo,ARABIC LETTER LAM,2,1,2022,0,0,0,0,0,0,2,0,0
ksw,Mymr,ksw_Mymr,S'gaw Karen,م,Lo,ARABIC LETTER MEEM,2,1,2022,0,0,0,0,0,0,2,0,0
ksw,Mymr,ksw_Mymr,S'gaw Karen,Э,Lu,CYRILLIC CAPITAL LETTER E,2,1,2022,0,0,0,0,0,0,2,0,0
ksw,Mymr,ksw_Mymr,S'gaw Karen,В,Lu,CYRILLIC CAPITAL LETTER VE,2,1,2022,0,0,0,0,0,0,2,0,0
ksw,Mymr,ksw_Mymr,S'gaw Karen,ꤟ,Lo,KAYAH LI LETTER HA,2,2,"2022,2023",0,0,0,0,0,0,1,1,0
ksw,Mymr,ksw_Mymr,S'gaw Karen,ꤜ,Lo,KAYAH LI LETTER LA,2,2,"2022,2023",0,0,0,0,0,0,1,1,0
ksw,Mymr,ksw_Mymr,S'gaw Karen,꤭,Mn,KAYAH LI TONE CALYA PLOPHU,2,2,"2022,2023",0,0,0,0,0,0,1,1,0
ksw,Mymr,ksw_Mymr,S'gaw Karen,ā,Ll,LATIN SMALL LETTER A WITH MACRON,2,1,2021,0,0,0,0,0,2,0,0,0
ksw,Mymr,ksw_Mymr,S'gaw Karen,Ш,Lu,CYRILLIC CAPITAL LETTER SHA,1,1,2022,0,0,0,0,0,0,1,0,0
ksw,Mymr,ksw_Mymr,S'gaw Karen,฿,Sc,THAI CURRENCY SYMBOL BAHT,1,1,2023,0,0,0,0,0,0,0,1,0
ksw,Mymr,ksw_Mymr,S'gaw Karen,è,Ll,LATIN SMALL LETTER E WITH GRAVE,1,1,2024,0,0,0,0,0,0,0,0,1
ksw,Mymr,ksw_Mymr,S'gaw Karen,К,Lu,CYRILLIC CAPITAL LETTER KA,1,1,2022,0,0,0,0,0,0,1,0,0
ksw,Mymr,ksw_Mymr,S'gaw Karen,А,Lu,CYRILLIC CAPITAL LETTER A,1,1,2022,0,0,0,0,0,0,1,0,0
ksw,Mymr,ksw_Mymr,S'gaw Karen,ш,Ll,CYRILLIC SMALL LETTER SHA,1,1,2022,0,0,0,0,0,0,1,0,0
ksw,Mymr,ksw_Mymr,S'gaw Karen,О,Lu,CYRILLIC CAPITAL LETTER O,1,1,2022,0,0,0,0,0,0,1,0,0
ksw,Mymr,ksw_Mymr,S'gaw Karen,ဴ,Mn,MYANMAR VOWEL SIGN MON O,1,1,2017,0,1,0,0,0,0,0,0,0
ksw,Mymr,ksw_Mymr,S'gaw Karen,У,Lu,CYRILLIC CAPITAL LETTER U,1,1,2022,0,0,0,0,0,0,1,0,0
ksw,Mymr,ksw_Mymr,S'gaw Karen,ф,Ll,CYRILLIC SMALL LETTER EF,1,1,2022,0,0,0,0,0,0,1,0,0
ksw,Mymr,ksw_Mymr,S'gaw Karen,ó,Ll,LATIN SMALL LETTER O WITH ACUTE,1,1,2018,0,0,1,0,0,0,0,0,0
ksw,Mymr,ksw_Mymr,S'gaw Karen,í,Ll,LATIN SMALL LETTER I WITH ACUTE,1,1,2018,0,0,1,0,0,0,0,0,0
ksw,Mymr,ksw_Mymr,S'gaw Karen,á,Ll,LATIN SMALL LETTER A WITH ACUTE,1,1,2018,0,0,1,0,0,0,0,0,0
ksw,Mymr,ksw_Mymr,S'gaw Karen,Ë,Lu,LATIN CAPITAL LETTER E WITH DIAERESIS,1,1,2018,0,0,1,0,0,0,0,0,0
ksw,Mymr,ksw_Mymr,S'gaw Karen,☰,So,TRIGRAM FOR HEAVEN,1,1,2019,0,0,0,1,0,0,0,0,0
ksw,Mymr,ksw_Mymr,S'gaw Karen,æ,Ll,LATIN SMALL LETTER AE,1,1,2020,0,0,0,0,1,0,0,0,0
ksw,Mymr,ksw_Mymr,S'gaw Karen,ႅ,Mn,MYANMAR VOWEL SIGN SHAN E ABOVE,1,1,2020,0,0,0,0,1,0,0,0,0
ksw,Mymr,ksw_Mymr,S'gaw Karen,ì,Ll,LATIN SMALL LETTER I WITH GRAVE,1,1,2020,0,0,0,0,1,0,0,0,0
ksw,Mymr,ksw_Mymr,S'gaw Karen,¬,Sm,NOT SIGN,1,1,2020,0,0,0,0,1,0,0,0,0
ksw,Mymr,ksw_Mymr,S'gaw Karen,»,Pf,RIGHT-POINTING DOUBLE ANGLE QUOTATION MARK,1,1,2021,0,0,0,0,0,1,0,0,0
ksw,Mymr,ksw_Mymr,S'gaw Karen,¡,Po,INVERTED EXCLAMATION MARK,1,1,2021,0,0,0,0,0,1,0,0,0
ksw,Mymr,ksw_Mymr,S'gaw Karen,`,Sk,GRAVE ACCENT,1,1,2021,0,0,0,0,0,1,0,0,0
ksw,Mymr,ksw_Mymr,S'gaw Karen,ú,Ll,LATIN SMALL LETTER U WITH ACUTE,1,1,2021,0,0,0,0,0,1,0,0,0
ksw,Mymr,ksw_Mymr,S'gaw Karen,ö,Ll,LATIN SMALL LETTER O WITH DIAERESIS,1,1,2022,0,0,0,0,0,0,1,0,0
ksw,Mymr,ksw_Mymr,S'gaw Karen,毛,Lo,CJK UNIFIED IDEOGRAPH-6BDB,1,1,2022,0,0,0,0,0,0,1,0,0
ksw,Mymr,ksw_Mymr,S'gaw Karen,泽,Lo,CJK UNIFIED IDEOGRAPH-6CFD,1,1,2022,0,0,0,0,0,0,1,0,0
ksw,Mymr,ksw_Mymr,S'gaw Karen,东,Lo,CJK UNIFIED IDEOGRAPH-4E1C,1,1,2022,0,0,0,0,0,0,1,0,0
ksw,Mymr,ksw_Mymr,S'gaw Karen,ح,Lo,ARABIC LETTER HAH,1,1,2022,0,0,0,0,0,0,1,0,0
ksw,Mymr,ksw_Mymr,S'gaw Karen,ၨ,Mc,MYANMAR VOWEL SIGN WESTERN PWO KAREN UE,1,1,2022,0,0,0,0,0,0,1,0,0
ksw,Mymr,ksw_Mymr,S'gaw Karen,э,Ll,CYRILLIC SMALL LETTER E,1,1,2022,0,0,0,0,0,0,1,0,0
ksw,Mymr,ksw_Mymr,S'gaw Karen,Ц,Lu,CYRILLIC CAPITAL LETTER TSE,1,1,2022,0,0,0,0,0,0,1,0,0
ksw,Mymr,ksw_Mymr,S'gaw Karen,ē,Ll,LATIN SMALL LETTER E WITH MACRON,1,1,2024,0,0,0,0,0,0,0,0,1
