iso_639_3,script,language_code,language_name,character,unicode_category,unicode_name,total_frequency_all_time,time_periods_with_data_count,time_periods_list,year_2014_frequency,year_2015_frequency,year_2016_frequency,year_2017_frequency,year_2018_frequency,year_2019_frequency,year_2020_frequency,year_2021_frequency,year_2022_frequency,year_2023_frequency,year_2024_frequency
min,Latn,min_Latn,Minangkabau,a,Ll,LATIN SMALL LETTER A,451723,11,"2014,2015,2016,2017,2018,2019,2020,2021,2022,2023,2024",12820,18906,118758,73643,31025,26162,35006,58338,34886,23775,18404
min,Latn,min_Latn,Minangkabau, ,Zs,SPACE,381879,11,"2014,2015,2016,2017,2018,2019,2020,2021,2022,2023,2024",9978,15914,90728,58528,27871,23285,30764,51534,38150,19323,15804
min,Latn,min_Latn,Minangkabau,n,Ll,LATIN SMALL LETTER N,202916,11,"2014,2015,2016,2017,2018,2019,2020,2021,2022,2023,2024",5580,8480,50893,32436,13928,12373,15440,26678,17647,10821,8640
min,Latn,min_Latn,Minangkabau,i,Ll,LATIN SMALL LETTER I,152135,11,"2014,2015,2016,2017,2018,2019,2020,2021,2022,2023,2024",4145,5736,35288,22889,10678,9691,13005,21797,14600,7943,6363
min,Latn,min_Latn,Minangkabau,k,Ll,LATIN SMALL LETTER K,129293,11,"2014,2015,2016,2017,2018,2019,2020,2021,2022,2023,2024",3727,5942,36511,22911,9505,6341,9546,15061,8469,6390,4890
min,Latn,min_Latn,Minangkabau,u,Ll,LATIN SMALL LETTER U,113483,11,"2014,2015,2016,2017,2018,2019,2020,2021,2022,2023,2024",3302,4679,27928,17442,8614,6741,8906,14824,9924,6173,4950
min,Latn,min_Latn,Minangkabau,o,Ll,LATIN SMALL LETTER O,97307,11,"2014,2015,2016,2017,2018,2019,2020,2021,2022,2023,2024",2393,4513,23778,16098,7970,5937,7413,13093,8395,4011,3706
min,Latn,min_Latn,Minangkabau,t,Ll,LATIN SMALL LETTER T,86055,11,"2014,2015,2016,2017,2018,2019,2020,2021,2022,2023,2024",2190,3814,21357,13569,5599,5170,6508,11592,7963,4455,3838
min,Latn,min_Latn,Minangkabau,m,Ll,LATIN SMALL LETTER M,75680,11,"2014,2015,2016,2017,2018,2019,2020,2021,2022,2023,2024",2040,3004,17774,11568,5455,4603,6120,10451,7364,4116,3185
min,Latn,min_Latn,Minangkabau,g,Ll,LATIN SMALL LETTER G,74574,11,"2014,2015,2016,2017,2018,2019,2020,2021,2022,2023,2024",2087,3161,17125,10952,6020,4779,5420,10001,7793,4152,3084
min,Latn,min_Latn,Minangkabau,d,Ll,LATIN SMALL LETTER D,74253,11,"2014,2015,2016,2017,2018,2019,2020,2021,2022,2023,2024",1995,2717,16152,10725,5248,5003,6278,10875,7776,4095,3389
min,Latn,min_Latn,Minangkabau,l,Ll,LATIN SMALL LETTER L,69140,11,"2014,2015,2016,2017,2018,2019,2020,2021,2022,2023,2024",1918,3050,15491,10489,5102,4463,6018,9503,6785,3466,2855
min,Latn,min_Latn,Minangkabau,r,Ll,LATIN SMALL LETTER R,65066,11,"2014,2015,2016,2017,2018,2019,2020,2021,2022,2023,2024",1743,2837,12568,8811,4128,4571,6207,10208,7148,3753,3092
min,Latn,min_Latn,Minangkabau,e,Ll,LATIN SMALL LETTER E,63968,11,"2014,2015,2016,2017,2018,2019,2020,2021,2022,2023,2024",1237,2360,9089,7793,4975,5067,6728,10681,7765,4608,3665
min,Latn,min_Latn,Minangkabau,b,Ll,LATIN SMALL LETTER B,60771,11,"2014,2015,2016,2017,2018,2019,2020,2021,2022,2023,2024",1735,2653,17696,10703,4065,3127,4199,7018,4701,2759,2115
min,Latn,min_Latn,Minangkabau,s,Ll,LATIN SMALL LETTER S,60115,11,"2014,2015,2016,2017,2018,2019,2020,2021,2022,2023,2024",1726,2238,12321,8795,4535,4226,5386,9016,5921,3117,2834
min,Latn,min_Latn,Minangkabau,h,Ll,LATIN SMALL LETTER H,56741,11,"2014,2015,2016,2017,2018,2019,2020,2021,2022,2023,2024",1584,2416,15027,9363,4063,3309,4046,7046,5044,2853,1990
min,Latn,min_Latn,Minangkabau,p,Ll,LATIN SMALL LETTER P,47495,11,"2014,2015,2016,2017,2018,2019,2020,2021,2022,2023,2024",1359,1981,11246,7285,3719,3050,4060,6298,3986,2449,2062
min,Latn,min_Latn,Minangkabau,.,Po,FULL STOP,42849,11,"2014,2015,2016,2017,2018,2019,2020,2021,2022,2023,2024",706,2273,15704,8382,2405,1630,2452,3817,2967,1332,1181
min,Latn,min_Latn,Minangkabau,y,Ll,LATIN SMALL LETTER Y,27308,11,"2014,2015,2016,2017,2018,2019,2020,2021,2022,2023,2024",769,1136,6067,3921,2106,1807,2318,3794,2790,1457,1143
min,Latn,min_Latn,Minangkabau,j,Ll,LATIN SMALL LETTER J,23951,11,"2014,2015,2016,2017,2018,2019,2020,2021,2022,2023,2024",719,1025,6251,4061,1802,1208,1889,3043,1694,1213,1046
min,Latn,min_Latn,Minangkabau,",",Po,COMMA,16644,11,"2014,2015,2016,2017,2018,2019,2020,2021,2022,2023,2024",865,169,2109,2457,1772,1335,1816,2646,1249,1332,894
min,Latn,min_Latn,Minangkabau,c,Ll,LATIN SMALL LETTER C,13938,11,"2014,2015,2016,2017,2018,2019,2020,2021,2022,2023,2024",320,545,2632,1760,1250,943,1219,1908,2162,625,574
min,Latn,min_Latn,Minangkabau,S,Lu,LATIN CAPITAL LETTER S,11115,11,"2014,2015,2016,2017,2018,2019,2020,2021,2022,2023,2024",166,526,3765,1917,577,496,816,1405,572,527,348
min,Latn,min_Latn,Minangkabau,A,Lu,LATIN CAPITAL LETTER A,10963,11,"2014,2015,2016,2017,2018,2019,2020,2021,2022,2023,2024",178,523,3550,1857,527,456,862,1360,919,435,296
min,Latn,min_Latn,Minangkabau,w,Ll,LATIN SMALL LETTER W,8170,11,"2014,2015,2016,2017,2018,2019,2020,2021,2022,2023,2024",220,292,1239,1060,665,769,928,1241,968,426,362
min,Latn,min_Latn,Minangkabau,K,Lu,LATIN CAPITAL LETTER K,8115,11,"2014,2015,2016,2017,2018,2019,2020,2021,2022,2023,2024",90,349,2423,1292,612,444,546,919,604,503,333
min,Latn,min_Latn,Minangkabau,M,Lu,LATIN CAPITAL LETTER M,7484,11,"2014,2015,2016,2017,2018,2019,2020,2021,2022,2023,2024",106,225,1554,1002,645,606,763,1270,531,457,325
min,Latn,min_Latn,Minangkabau,D,Lu,LATIN CAPITAL LETTER D,6453,11,"2014,2015,2016,2017,2018,2019,2020,2021,2022,2023,2024",111,195,1293,743,371,424,711,1049,902,393,261
min,Latn,min_Latn,Minangkabau,-,Pd,HYPHEN-MINUS,6270,11,"2014,2015,2016,2017,2018,2019,2020,2021,2022,2023,2024",130,252,1980,1215,383,420,506,670,257,249,208
min,Latn,min_Latn,Minangkabau,P,Lu,LATIN CAPITAL LETTER P,6215,11,"2014,2015,2016,2017,2018,2019,2020,2021,2022,2023,2024",95,189,1263,748,443,411,742,1081,371,534,338
min,Latn,min_Latn,Minangkabau,B,Lu,LATIN CAPITAL LETTER B,6159,11,"2014,2015,2016,2017,2018,2019,2020,2021,2022,2023,2024",106,182,1219,720,401,344,807,1088,563,393,336
min,Latn,min_Latn,Minangkabau,T,Lu,LATIN CAPITAL LETTER T,5768,11,"2014,2015,2016,2017,2018,2019,2020,2021,2022,2023,2024",86,216,1584,824,434,371,384,879,405,325,260
min,Latn,min_Latn,Minangkabau,N,Lu,LATIN CAPITAL LETTER N,4946,11,"2014,2015,2016,2017,2018,2019,2020,2021,2022,2023,2024",74,281,1669,804,248,276,345,470,310,282,187
min,Latn,min_Latn,Minangkabau,L,Lu,LATIN CAPITAL LETTER L,4107,11,"2014,2015,2016,2017,2018,2019,2020,2021,2022,2023,2024",58,191,984,548,262,291,430,638,408,167,130
min,Latn,min_Latn,Minangkabau,f,Ll,LATIN SMALL LETTER F,3798,11,"2014,2015,2016,2017,2018,2019,2020,2021,2022,2023,2024",88,141,216,335,119,331,530,671,1014,147,206
min,Latn,min_Latn,Minangkabau,I,Lu,LATIN CAPITAL LETTER I,3248,11,"2014,2015,2016,2017,2018,2019,2020,2021,2022,2023,2024",67,65,433,375,318,241,372,655,328,271,123
min,Latn,min_Latn,Minangkabau,G,Lu,LATIN CAPITAL LETTER G,3191,11,"2014,2015,2016,2017,2018,2019,2020,2021,2022,2023,2024",19,119,798,356,132,150,148,600,727,91,51
min,Latn,min_Latn,Minangkabau,R,Lu,LATIN CAPITAL LETTER R,2860,11,"2014,2015,2016,2017,2018,2019,2020,2021,2022,2023,2024",43,80,482,280,150,238,403,562,324,205,93
min,Latn,min_Latn,Minangkabau,C,Lu,LATIN CAPITAL LETTER C,2336,11,"2014,2015,2016,2017,2018,2019,2020,2021,2022,2023,2024",29,32,107,105,100,141,204,657,825,70,66
min,Latn,min_Latn,Minangkabau,U,Lu,LATIN CAPITAL LETTER U,2211,11,"2014,2015,2016,2017,2018,2019,2020,2021,2022,2023,2024",36,50,343,227,226,167,405,334,185,107,131
min,Latn,min_Latn,Minangkabau,:,Po,COLON,2175,11,"2014,2015,2016,2017,2018,2019,2020,2021,2022,2023,2024",64,131,932,415,68,86,106,206,83,52,32
min,Latn,min_Latn,Minangkabau,?,Po,QUESTION MARK,1853,11,"2014,2015,2016,2017,2018,2019,2020,2021,2022,2023,2024",33,124,843,456,46,35,71,85,20,75,65
min,Latn,min_Latn,Minangkabau,J,Lu,LATIN CAPITAL LETTER J,1853,11,"2014,2015,2016,2017,2018,2019,2020,2021,2022,2023,2024",39,37,278,210,150,189,200,318,183,125,124
min,Latn,min_Latn,Minangkabau,v,Ll,LATIN SMALL LETTER V,1812,11,"2014,2015,2016,2017,2018,2019,2020,2021,2022,2023,2024",42,50,62,122,52,219,226,441,453,50,95
min,Latn,min_Latn,Minangkabau,E,Lu,LATIN CAPITAL LETTER E,1760,11,"2014,2015,2016,2017,2018,2019,2020,2021,2022,2023,2024",7,76,549,273,91,55,124,283,229,49,24
min,Latn,min_Latn,Minangkabau,1,Nd,DIGIT ONE,1671,11,"2014,2015,2016,2017,2018,2019,2020,2021,2022,2023,2024",9,34,35,74,75,152,203,426,493,65,105
min,Latn,min_Latn,Minangkabau,2,Nd,DIGIT TWO,1661,11,"2014,2015,2016,2017,2018,2019,2020,2021,2022,2023,2024",10,32,42,129,144,125,254,364,398,84,79
min,Latn,min_Latn,Minangkabau,0,Nd,DIGIT ZERO,1570,11,"2014,2015,2016,2017,2018,2019,2020,2021,2022,2023,2024",9,33,39,82,112,118,303,380,374,60,60
min,Latn,min_Latn,Minangkabau,H,Lu,LATIN CAPITAL LETTER H,1311,11,"2014,2015,2016,2017,2018,2019,2020,2021,2022,2023,2024",25,29,222,149,78,134,146,243,116,88,81
min,Latn,min_Latn,Minangkabau,),Pe,RIGHT PARENTHESIS,1233,11,"2014,2015,2016,2017,2018,2019,2020,2021,2022,2023,2024",15,26,195,181,111,109,135,202,109,92,58
min,Latn,min_Latn,Minangkabau,3,Nd,DIGIT THREE,1207,11,"2014,2015,2016,2017,2018,2019,2020,2021,2022,2023,2024",10,81,32,32,52,252,149,180,351,19,49
min,Latn,min_Latn,Minangkabau,(,Ps,LEFT PARENTHESIS,1159,11,"2014,2015,2016,2017,2018,2019,2020,2021,2022,2023,2024",13,26,195,177,109,105,135,142,107,91,59
min,Latn,min_Latn,Minangkabau,F,Lu,LATIN CAPITAL LETTER F,1009,11,"2014,2015,2016,2017,2018,2019,2020,2021,2022,2023,2024",8,12,10,17,46,88,134,298,363,19,14
min,Latn,min_Latn,Minangkabau,‚Äù,Pf,RIGHT DOUBLE QUOTATION MARK,987,11,"2014,2015,2016,2017,2018,2019,2020,2021,2022,2023,2024",12,10,134,113,98,15,196,123,57,104,125
min,Latn,min_Latn,Minangkabau,‚Äú,Pi,LEFT DOUBLE QUOTATION MARK,982,11,"2014,2015,2016,2017,2018,2019,2020,2021,2022,2023,2024",6,15,152,123,96,14,192,130,53,76,125
min,Latn,min_Latn,Minangkabau,O,Lu,LATIN CAPITAL LETTER O,816,11,"2014,2015,2016,2017,2018,2019,2020,2021,2022,2023,2024",13,8,81,58,80,92,137,185,98,32,32
min,Latn,min_Latn,Minangkabau,W,Lu,LATIN CAPITAL LETTER W,813,11,"2014,2015,2016,2017,2018,2019,2020,2021,2022,2023,2024",21,22,107,83,65,84,125,118,74,50,64
min,Latn,min_Latn,Minangkabau,Y,Lu,LATIN CAPITAL LETTER Y,782,11,"2014,2015,2016,2017,2018,2019,2020,2021,2022,2023,2024",14,23,160,93,56,62,57,82,99,87,49
min,Latn,min_Latn,Minangkabau,z,Ll,LATIN SMALL LETTER Z,775,11,"2014,2015,2016,2017,2018,2019,2020,2021,2022,2023,2024",28,15,61,75,40,76,126,105,158,65,26
min,Latn,min_Latn,Minangkabau,‚Äî,Pd,EM DASH,694,9,"2015,2016,2017,2018,2019,2020,2021,2022,2024",0,58,399,202,1,2,5,11,2,0,14
min,Latn,min_Latn,Minangkabau,4,Nd,DIGIT FOUR,630,11,"2014,2015,2016,2017,2018,2019,2020,2021,2022,2023,2024",5,14,23,30,19,66,54,155,201,22,41
min,Latn,min_Latn,Minangkabau,!,Po,EXCLAMATION MARK,593,11,"2014,2015,2016,2017,2018,2019,2020,2021,2022,2023,2024",3,32,262,142,12,33,20,36,10,17,26
min,Latn,min_Latn,Minangkabau,5,Nd,DIGIT FIVE,577,11,"2014,2015,2016,2017,2018,2019,2020,2021,2022,2023,2024",2,13,6,26,32,55,65,155,178,20,25
min,Latn,min_Latn,Minangkabau,‚Äì,Pd,EN DASH,573,11,"2014,2015,2016,2017,2018,2019,2020,2021,2022,2023,2024",7,16,124,51,13,17,7,121,154,55,8
min,Latn,min_Latn,Minangkabau,9,Nd,DIGIT NINE,566,11,"2014,2015,2016,2017,2018,2019,2020,2021,2022,2023,2024",8,3,7,22,13,59,98,165,145,17,29
min,Latn,min_Latn,Minangkabau,"""",Po,QUOTATION MARK,528,11,"2014,2015,2016,2017,2018,2019,2020,2021,2022,2023,2024",9,2,17,52,135,57,52,106,27,53,18
min,Latn,min_Latn,Minangkabau,7,Nd,DIGIT SEVEN,470,11,"2014,2015,2016,2017,2018,2019,2020,2021,2022,2023,2024",7,4,13,12,13,35,60,100,189,12,25
min,Latn,min_Latn,Minangkabau,‚Äô,Pf,RIGHT SINGLE QUOTATION MARK,465,11,"2014,2015,2016,2017,2018,2019,2020,2021,2022,2023,2024",23,6,88,67,175,17,25,23,16,18,7
min,Latn,min_Latn,Minangkabau,8,Nd,DIGIT EIGHT,409,11,"2014,2015,2016,2017,2018,2019,2020,2021,2022,2023,2024",5,9,4,16,21,26,40,120,127,12,29
min,Latn,min_Latn,Minangkabau,Ÿé,Mn,ARABIC FATHA,401,2,"2017,2019",0,0,0,82,0,319,0,0,0,0,0
min,Latn,min_Latn,Minangkabau,/,Po,SOLIDUS,398,11,"2014,2015,2016,2017,2018,2019,2020,2021,2022,2023,2024",25,7,34,30,38,42,41,108,34,24,15
min,Latn,min_Latn,Minangkabau,6,Nd,DIGIT SIX,397,11,"2014,2015,2016,2017,2018,2019,2020,2021,2022,2023,2024",8,11,14,13,12,33,51,97,122,10,26
min,Latn,min_Latn,Minangkabau,x,Ll,LATIN SMALL LETTER X,319,11,"2014,2015,2016,2017,2018,2019,2020,2021,2022,2023,2024",4,16,3,20,15,71,62,51,73,2,2
min,Latn,min_Latn,Minangkabau,V,Lu,LATIN CAPITAL LETTER V,313,11,"2014,2015,2016,2017,2018,2019,2020,2021,2022,2023,2024",3,3,2,5,26,74,34,100,39,18,9
min,Latn,min_Latn,Minangkabau,',Po,APOSTROPHE,294,11,"2014,2015,2016,2017,2018,2019,2020,2021,2022,2023,2024",4,1,15,97,79,31,12,17,25,7,6
min,Latn,min_Latn,Minangkabau,#,Po,NUMBER SIGN,255,5,"2015,2019,2020,2021,2022",0,37,0,0,0,30,6,13,169,0,0
min,Latn,min_Latn,Minangkabau,;,Po,SEMICOLON,255,11,"2014,2015,2016,2017,2018,2019,2020,2021,2022,2023,2024",4,6,59,29,22,20,15,60,13,18,9
min,Latn,min_Latn,Minangkabau,q,Ll,LATIN SMALL LETTER Q,209,11,"2014,2015,2016,2017,2018,2019,2020,2021,2022,2023,2024",13,14,1,13,11,35,19,26,44,28,5
min,Latn,min_Latn,Minangkabau,[,Ps,LEFT SQUARE BRACKET,191,9,"2015,2017,2018,2019,2020,2021,2022,2023,2024",0,6,0,16,8,13,44,27,56,4,17
min,Latn,min_Latn,Minangkabau,],Pe,RIGHT SQUARE BRACKET,185,9,"2015,2017,2018,2019,2020,2021,2022,2023,2024",0,2,0,15,8,12,44,26,57,4,17
min,Latn,min_Latn,Minangkabau,Ÿê,Mn,ARABIC KASRA,152,2,"2017,2019",0,0,0,35,0,117,0,0,0,0,0
min,Latn,min_Latn,Minangkabau,Z,Lu,LATIN CAPITAL LETTER Z,148,11,"2014,2015,2016,2017,2018,2019,2020,2021,2022,2023,2024",3,3,2,8,7,15,55,33,7,5,10
min,Latn,min_Latn,Minangkabau,Ÿè,Mn,ARABIC DAMMA,146,2,"2017,2019",0,0,0,23,0,123,0,0,0,0,0
min,Latn,min_Latn,Minangkabau,|,Sm,VERTICAL LINE,135,10,"2014,2016,2017,2018,2019,2020,2021,2022,2023,2024",12,0,3,2,11,21,15,23,21,9,18
min,Latn,min_Latn,Minangkabau,ŸÑ,Lo,ARABIC LETTER LAM,122,3,"2017,2019,2020",0,0,0,28,0,93,1,0,0,0,0
min,Latn,min_Latn,Minangkabau,–µ,Ll,CYRILLIC SMALL LETTER IE,122,3,"2018,2019,2023",0,0,0,0,2,105,0,0,0,15,0
min,Latn,min_Latn,Minangkabau,€°,Mn,ARABIC SMALL HIGH DOTLESS HEAD OF KHAH,112,1,2019,0,0,0,0,0,112,0,0,0,0,0
min,Latn,min_Latn,Minangkabau,ŸÖ,Lo,ARABIC LETTER MEEM,111,2,"2017,2019",0,0,0,25,0,86,0,0,0,0,0
min,Latn,min_Latn,Minangkabau,–æ,Ll,CYRILLIC SMALL LETTER O,108,2,"2019,2023",0,0,0,0,0,106,0,0,0,2,0
min,Latn,min_Latn,Minangkabau,&,Po,AMPERSAND,108,10,"2014,2015,2017,2018,2019,2020,2021,2022,2023,2024",3,4,0,15,13,8,18,16,27,3,1
min,Latn,min_Latn,Minangkabau,*,Po,ASTERISK,107,10,"2014,2016,2017,2018,2019,2020,2021,2022,2023,2024",20,0,1,5,13,8,9,15,12,14,10
min,Latn,min_Latn,Minangkabau,–∞,Ll,CYRILLIC SMALL LETTER A,106,2,"2019,2023",0,0,0,0,0,61,0,0,0,45,0
min,Latn,min_Latn,Minangkabau,ŸÜ,Lo,ARABIC LETTER NOON,90,3,"2017,2019,2020",0,0,0,15,0,72,3,0,0,0,0
min,Latn,min_Latn,Minangkabau,Q,Lu,LATIN CAPITAL LETTER Q,83,10,"2014,2016,2017,2018,2019,2020,2021,2022,2023,2024",6,0,4,13,2,13,19,8,7,4,7
min,Latn,min_Latn,Minangkabau,Ÿë,Mn,ARABIC SHADDA,82,2,"2017,2019",0,0,0,11,0,71,0,0,0,0,0
min,Latn,min_Latn,Minangkabau,¬∑,Po,MIDDLE DOT,78,5,"2017,2018,2019,2020,2021",0,0,0,2,2,26,13,35,0,0,0
min,Latn,min_Latn,Minangkabau,Ÿà,Lo,ARABIC LETTER WAW,76,2,"2017,2019",0,0,0,12,0,64,0,0,0,0,0
min,Latn,min_Latn,Minangkabau,ÿß,Lo,ARABIC LETTER ALEF,72,3,"2017,2019,2020",0,0,0,32,0,38,2,0,0,0,0
min,Latn,min_Latn,Minangkabau,–Ω,Ll,CYRILLIC SMALL LETTER EN,71,1,2019,0,0,0,0,0,71,0,0,0,0,0
min,Latn,min_Latn,Minangkabau,Ÿä,Lo,ARABIC LETTER YEH,67,4,"2017,2019,2020,2023",0,0,0,13,0,50,3,0,0,1,0
min,Latn,min_Latn,Minangkabau,–∏,Ll,CYRILLIC SMALL LETTER I,66,1,2019,0,0,0,0,0,66,0,0,0,0,0
min,Latn,min_Latn,Minangkabau,—Å,Ll,CYRILLIC SMALL LETTER ES,61,3,"2018,2019,2023",0,0,0,0,1,59,0,0,0,1,0
min,Latn,min_Latn,Minangkabau,—Ä,Ll,CYRILLIC SMALL LETTER ER,58,2,"2019,2023",0,0,0,0,0,49,0,0,0,9,0
min,Latn,min_Latn,Minangkabau,–ª,Ll,CYRILLIC SMALL LETTER EL,57,1,2019,0,0,0,0,0,57,0,0,0,0,0
min,Latn,min_Latn,Minangkabau,X,Lu,LATIN CAPITAL LETTER X,56,8,"2016,2018,2019,2020,2021,2022,2023,2024",0,0,1,0,2,10,7,15,7,8,6
min,Latn,min_Latn,Minangkabau,_,Pc,LOW LINE,51,6,"2017,2018,2019,2020,2021,2022",0,0,0,3,1,5,13,22,7,0,0
min,Latn,min_Latn,Minangkabau,‚Äò,Pi,LEFT SINGLE QUOTATION MARK,50,10,"2014,2016,2017,2018,2019,2020,2021,2022,2023,2024",1,0,5,8,2,1,2,12,3,12,4
min,Latn,min_Latn,Minangkabau,Ÿí,Mn,ARABIC SUKUN,48,2,"2017,2019",0,0,0,39,0,9,0,0,0,0,0
min,Latn,min_Latn,Minangkabau,ŸÉ,Lo,ARABIC LETTER KAF,47,2,"2017,2019",0,0,0,14,0,33,0,0,0,0,0
min,Latn,min_Latn,Minangkabau,ÿ®,Lo,ARABIC LETTER BEH,47,2,"2017,2019",0,0,0,11,0,36,0,0,0,0,0
min,Latn,min_Latn,Minangkabau,—Ç,Ll,CYRILLIC SMALL LETTER TE,44,1,2019,0,0,0,0,0,44,0,0,0,0,0
min,Latn,min_Latn,Minangkabau,ÿ™,Lo,ARABIC LETTER TEH,43,2,"2017,2019",0,0,0,10,0,33,0,0,0,0,0
min,Latn,min_Latn,Minangkabau,–≤,Ll,CYRILLIC SMALL LETTER VE,42,2,"2018,2019",0,0,0,0,1,41,0,0,0,0,0
min,Latn,min_Latn,Minangkabau,Ÿá,Lo,ARABIC LETTER HEH,41,2,"2017,2019",0,0,0,11,0,30,0,0,0,0,0
min,Latn,min_Latn,Minangkabau,ÿ±,Lo,ARABIC LETTER REH,40,3,"2017,2019,2023",0,0,0,3,0,36,0,0,0,1,0
min,Latn,min_Latn,Minangkabau,%,Po,PERCENT SIGN,39,6,"2018,2019,2020,2021,2022,2023",0,0,0,0,1,1,1,33,2,1,0
min,Latn,min_Latn,Minangkabau,ÿπ,Lo,ARABIC LETTER AIN,38,2,"2017,2019",0,0,0,8,0,30,0,0,0,0,0
min,Latn,min_Latn,Minangkabau,+,Sm,PLUS SIGN,37,8,"2016,2017,2018,2019,2020,2021,2022,2024",0,0,1,6,6,2,2,3,13,0,4
min,Latn,min_Latn,Minangkabau,–∫,Ll,CYRILLIC SMALL LETTER KA,35,1,2019,0,0,0,0,0,35,0,0,0,0,0
min,Latn,min_Latn,Minangkabau,ÿ£,Lo,ARABIC LETTER ALEF WITH HAMZA ABOVE,33,2,"2017,2019",0,0,0,4,0,29,0,0,0,0,0
min,Latn,min_Latn,Minangkabau,Ÿ±,Lo,ARABIC LETTER ALEF WASLA,29,1,2019,0,0,0,0,0,29,0,0,0,0,0
min,Latn,min_Latn,Minangkabau,–¥,Ll,CYRILLIC SMALL LETTER DE,28,1,2019,0,0,0,0,0,28,0,0,0,0,0
min,Latn,min_Latn,Minangkabau,–ø,Ll,CYRILLIC SMALL LETTER PE,27,1,2019,0,0,0,0,0,27,0,0,0,0,0
min,Latn,min_Latn,Minangkabau,√†,Ll,LATIN SMALL LETTER A WITH GRAVE,26,4,"2020,2021,2022,2023",0,0,0,0,0,0,4,1,20,1,0
min,Latn,min_Latn,Minangkabau,ŸÅ,Lo,ARABIC LETTER FEH,26,2,"2017,2019",0,0,0,6,0,20,0,0,0,0,0
min,Latn,min_Latn,Minangkabau,√©,Ll,LATIN SMALL LETTER E WITH ACUTE,26,5,"2017,2020,2021,2022,2023",0,0,0,2,0,0,5,6,4,9,0
min,Latn,min_Latn,Minangkabau,—É,Ll,CYRILLIC SMALL LETTER U,26,2,"2019,2023",0,0,0,0,0,24,0,0,0,2,0
min,Latn,min_Latn,Minangkabau,ƒÉ,Ll,LATIN SMALL LETTER A WITH BREVE,25,1,2023,0,0,0,0,0,0,0,0,0,25,0
min,Latn,min_Latn,Minangkabau,@,Po,COMMERCIAL AT,24,7,"2015,2017,2019,2020,2021,2022,2024",0,1,0,2,0,4,4,8,3,0,2
min,Latn,min_Latn,Minangkabau,–º,Ll,CYRILLIC SMALL LETTER EM,24,2,"2018,2019",0,0,0,0,1,23,0,0,0,0,0
min,Latn,min_Latn,Minangkabau,Ÿ∞,Mn,ARABIC LETTER SUPERSCRIPT ALEF,23,1,2019,0,0,0,0,0,23,0,0,0,0,0
min,Latn,min_Latn,Minangkabau,~,Sm,TILDE,21,6,"2016,2018,2019,2021,2022,2023",0,0,1,0,2,6,0,1,10,1,0
min,Latn,min_Latn,Minangkabau,—å,Ll,CYRILLIC SMALL LETTER SOFT SIGN,20,1,2019,0,0,0,0,0,20,0,0,0,0,0
min,Latn,min_Latn,Minangkabau,ÿØ,Lo,ARABIC LETTER DAL,19,3,"2017,2019,2020",0,0,0,3,0,14,2,0,0,0,0
min,Latn,min_Latn,Minangkabau,=,Sm,EQUALS SIGN,18,7,"2014,2017,2018,2019,2020,2021,2024",4,0,0,2,1,8,1,1,0,0,1
min,Latn,min_Latn,Minangkabau,—ã,Ll,CYRILLIC SMALL LETTER YERU,17,1,2019,0,0,0,0,0,17,0,0,0,0,0
min,Latn,min_Latn,Minangkabau,ÿ•,Lo,ARABIC LETTER ALEF WITH HAMZA BELOW,17,2,"2017,2019",0,0,0,2,0,15,0,0,0,0,0
min,Latn,min_Latn,Minangkabau,ÿ¨,Lo,ARABIC LETTER JEEM,16,2,"2017,2019",0,0,0,6,0,10,0,0,0,0,0
min,Latn,min_Latn,Minangkabau,√¥,Ll,LATIN SMALL LETTER O WITH CIRCUMFLEX,16,1,2023,0,0,0,0,0,0,0,0,0,16,0
min,Latn,min_Latn,Minangkabau,ÿ©,Lo,ARABIC LETTER TEH MARBUTA,16,2,"2017,2019",0,0,0,3,0,13,0,0,0,0,0
min,Latn,min_Latn,Minangkabau,ŸÇ,Lo,ARABIC LETTER QAF,16,2,"2017,2019",0,0,0,4,0,12,0,0,0,0,0
min,Latn,min_Latn,Minangkabau,ÿ´,Lo,ARABIC LETTER THEH,15,1,2019,0,0,0,0,0,15,0,0,0,0,0
min,Latn,min_Latn,Minangkabau,ÿ≠,Lo,ARABIC LETTER HAH,15,2,"2017,2019",0,0,0,4,0,11,0,0,0,0,0
min,Latn,min_Latn,Minangkabau,—ñ,Ll,CYRILLIC SMALL LETTER BYELORUSSIAN-UKRAINIAN I,15,1,2023,0,0,0,0,0,0,0,0,0,15,0
min,Latn,min_Latn,Minangkabau,—è,Ll,CYRILLIC SMALL LETTER YA,14,2,"2018,2019",0,0,0,0,1,13,0,0,0,0,0
min,Latn,min_Latn,Minangkabau,–∑,Ll,CYRILLIC SMALL LETTER ZE,14,1,2019,0,0,0,0,0,14,0,0,0,0,0
min,Latn,min_Latn,Minangkabau,Ÿì,Mn,ARABIC MADDAH ABOVE,13,1,2019,0,0,0,0,0,13,0,0,0,0,0
min,Latn,min_Latn,Minangkabau,>,Sm,GREATER-THAN SIGN,13,6,"2014,2016,2017,2018,2019,2020",1,0,2,3,2,1,4,0,0,0,0
min,Latn,min_Latn,Minangkabau,–±,Ll,CYRILLIC SMALL LETTER BE,13,1,2019,0,0,0,0,0,13,0,0,0,0,0
min,Latn,min_Latn,Minangkabau,Ÿñ,Mn,ARABIC SUBSCRIPT ALEF,13,1,2019,0,0,0,0,0,13,0,0,0,0,0
min,Latn,min_Latn,Minangkabau,Ÿâ,Lo,ARABIC LETTER ALEF MAKSURA,13,2,"2017,2019",0,0,0,1,0,12,0,0,0,0,0
min,Latn,min_Latn,Minangkabau,—á,Ll,CYRILLIC SMALL LETTER CHE,12,1,2019,0,0,0,0,0,12,0,0,0,0,0
min,Latn,min_Latn,Minangkabau,Ÿó,Mn,ARABIC INVERTED DAMMA,12,1,2019,0,0,0,0,0,12,0,0,0,0,0
min,Latn,min_Latn,Minangkabau,{,Ps,LEFT CURLY BRACKET,12,3,"2019,2020,2021",0,0,0,0,0,4,5,3,0,0,0
min,Latn,min_Latn,Minangkabau,‚Äê,Pd,HYPHEN,12,1,2016,0,0,12,0,0,0,0,0,0,0,0
min,Latn,min_Latn,Minangkabau,`,Sk,GRAVE ACCENT,12,2,"2018,2021",0,0,0,0,11,0,0,1,0,0,0
min,Latn,min_Latn,Minangkabau,ÿ≥,Lo,ARABIC LETTER SEEN,12,2,"2017,2019",0,0,0,1,0,11,0,0,0,0,0
min,Latn,min_Latn,Minangkabau,¬ª,Pf,RIGHT-POINTING DOUBLE ANGLE QUOTATION MARK,12,2,"2019,2022",0,0,0,0,0,1,0,0,11,0,0
min,Latn,min_Latn,Minangkabau,·ªç,Ll,LATIN SMALL LETTER O WITH DOT BELOW,12,2,"2020,2022",0,0,0,0,0,0,2,0,10,0,0
min,Latn,min_Latn,Minangkabau,·ªì,Ll,LATIN SMALL LETTER O WITH CIRCUMFLEX AND GRAVE,12,2,"2020,2022",0,0,0,0,0,0,2,0,10,0,0
min,Latn,min_Latn,Minangkabau,·ªô,Ll,LATIN SMALL LETTER O WITH CIRCUMFLEX AND DOT BELOW,12,2,"2020,2022",0,0,0,0,0,0,2,0,10,0,0
min,Latn,min_Latn,Minangkabau,},Pe,RIGHT CURLY BRACKET,11,3,"2019,2020,2021",0,0,0,0,0,4,5,2,0,0,0
min,Latn,min_Latn,Minangkabau,–π,Ll,CYRILLIC SMALL LETTER SHORT I,11,1,2019,0,0,0,0,0,11,0,0,0,0,0
min,Latn,min_Latn,Minangkabau,√´,Ll,LATIN SMALL LETTER E WITH DIAERESIS,11,1,2023,0,0,0,0,0,0,0,0,0,11,0
min,Latn,min_Latn,Minangkabau,ÿÆ,Lo,ARABIC LETTER KHAH,11,2,"2017,2019",0,0,0,2,0,9,0,0,0,0,0
min,Latn,min_Latn,Minangkabau,‚ô´,So,BEAMED EIGHTH NOTES,10,3,"2019,2020,2022",0,0,0,0,0,3,6,0,1,0,0
min,Latn,min_Latn,Minangkabau,√∫,Ll,LATIN SMALL LETTER U WITH ACUTE,10,2,"2020,2023",0,0,0,0,0,0,9,0,0,1,0
min,Latn,min_Latn,Minangkabau,–≥,Ll,CYRILLIC SMALL LETTER GHE,10,1,2019,0,0,0,0,0,10,0,0,0,0,0
min,Latn,min_Latn,Minangkabau,ÿ¥,Lo,ARABIC LETTER SHEEN,10,2,"2017,2019",0,0,0,2,0,8,0,0,0,0,0
min,Latn,min_Latn,Minangkabau,ÿ∫,Lo,ARABIC LETTER GHAIN,9,2,"2019,2023",0,0,0,0,0,8,0,0,0,1,0
min,Latn,min_Latn,Minangkabau,Ÿã,Mn,ARABIC FATHATAN,9,2,"2017,2019",0,0,0,7,0,2,0,0,0,0,0
min,Latn,min_Latn,Minangkabau,ÿ≤,Lo,ARABIC LETTER ZAIN,9,3,"2017,2019,2020",0,0,0,2,0,5,2,0,0,0,0
min,Latn,min_Latn,Minangkabau,ÿ∞,Lo,ARABIC LETTER THAL,8,1,2019,0,0,0,0,0,8,0,0,0,0,0
min,Latn,min_Latn,Minangkabau,‚Ä¢,Po,BULLET,7,2,"2021,2022",0,0,0,0,0,0,0,3,4,0,0
min,Latn,min_Latn,Minangkabau,€ö,Mn,ARABIC SMALL HIGH JEEM,7,1,2019,0,0,0,0,0,7,0,0,0,0,0
min,Latn,min_Latn,Minangkabau,√™,Ll,LATIN SMALL LETTER E WITH CIRCUMFLEX,7,3,"2020,2021,2023",0,0,0,0,0,0,5,1,0,1,0
min,Latn,min_Latn,Minangkabau,–∂,Ll,CYRILLIC SMALL LETTER ZHE,7,1,2019,0,0,0,0,0,7,0,0,0,0,0
min,Latn,min_Latn,Minangkabau,√®,Ll,LATIN SMALL LETTER E WITH GRAVE,7,3,"2017,2021,2023",0,0,0,2,0,0,0,2,0,3,0
min,Latn,min_Latn,Minangkabau,—ï,Ll,CYRILLIC SMALL LETTER DZE,6,1,2023,0,0,0,0,0,0,0,0,0,6,0
min,Latn,min_Latn,Minangkabau,€ñ,Mn,ARABIC SMALL HIGH LIGATURE SAD WITH LAM WITH ALEF MAKSURA,6,1,2019,0,0,0,0,0,6,0,0,0,0,0
min,Latn,min_Latn,Minangkabau,ÿ°,Lo,ARABIC LETTER HAMZA,6,2,"2017,2019",0,0,0,3,0,3,0,0,0,0,0
min,Latn,min_Latn,Minangkabau,«é,Ll,LATIN SMALL LETTER A WITH CARON,6,1,2023,0,0,0,0,0,0,0,0,0,6,0
min,Latn,min_Latn,Minangkabau,—à,Ll,CYRILLIC SMALL LETTER SHA,6,1,2019,0,0,0,0,0,6,0,0,0,0,0
min,Latn,min_Latn,Minangkabau,√≠,Ll,LATIN SMALL LETTER I WITH ACUTE,6,3,"2020,2021,2023",0,0,0,0,0,0,1,3,0,2,0
min,Latn,min_Latn,Minangkabau,‚Ä≤,Po,PRIME,6,1,2015,0,6,0,0,0,0,0,0,0,0,0
min,Latn,min_Latn,Minangkabau,ÿ¢,Lo,ARABIC LETTER ALEF WITH MADDA ABOVE,6,2,"2017,2019",0,0,0,1,0,5,0,0,0,0,0
min,Latn,min_Latn,Minangkabau,Àà,Lm,MODIFIER LETTER VERTICAL LINE,6,3,"2017,2020,2021",0,0,0,1,0,0,2,3,0,0,0
min,Latn,min_Latn,Minangkabau,Ÿ°,Nd,ARABIC-INDIC DIGIT ONE,6,1,2019,0,0,0,0,0,6,0,0,0,0,0
min,Latn,min_Latn,Minangkabau,<,Sm,LESS-THAN SIGN,6,3,"2017,2018,2020",0,0,0,1,1,0,4,0,0,0,0
min,Latn,min_Latn,Minangkabau,Ÿ•,Nd,ARABIC-INDIC DIGIT FIVE,5,1,2019,0,0,0,0,0,5,0,0,0,0,0
min,Latn,min_Latn,Minangkabau,Àê,Lm,MODIFIER LETTER TRIANGULAR COLON,5,2,"2020,2021",0,0,0,0,0,0,1,4,0,0,0
min,Latn,min_Latn,Minangkabau,ÿµ,Lo,ARABIC LETTER SAD,5,2,"2017,2019",0,0,0,1,0,4,0,0,0,0,0
min,Latn,min_Latn,Minangkabau,ÿ∑,Lo,ARABIC LETTER TAH,5,1,2019,0,0,0,0,0,5,0,0,0,0,0
min,Latn,min_Latn,Minangkabau,ÿ∂,Lo,ARABIC LETTER DAD,5,1,2019,0,0,0,0,0,5,0,0,0,0,0
min,Latn,min_Latn,Minangkabau,^,Sk,CIRCUMFLEX ACCENT,5,3,"2017,2018,2019",0,0,0,2,2,1,0,0,0,0,0
min,Latn,min_Latn,Minangkabau,–ü,Lu,CYRILLIC CAPITAL LETTER PE,4,1,2019,0,0,0,0,0,4,0,0,0,0,0
min,Latn,min_Latn,Minangkabau,€•,Lm,ARABIC SMALL WAW,4,1,2019,0,0,0,0,0,4,0,0,0,0,0
min,Latn,min_Latn,Minangkabau,√§,Ll,LATIN SMALL LETTER A WITH DIAERESIS,4,2,"2020,2021",0,0,0,0,0,0,2,2,0,0,0
min,Latn,min_Latn,Minangkabau,$,Sc,DOLLAR SIGN,4,1,2020,0,0,0,0,0,0,4,0,0,0,0
min,Latn,min_Latn,Minangkabau,…ô,Ll,LATIN SMALL LETTER SCHWA,4,2,"2017,2021",0,0,0,2,0,0,0,2,0,0,0
min,Latn,min_Latn,Minangkabau,√¢,Ll,LATIN SMALL LETTER A WITH CIRCUMFLEX,4,2,"2022,2023",0,0,0,0,0,0,0,0,3,1,0
min,Latn,min_Latn,Minangkabau,€¢,Mn,ARABIC SMALL HIGH MEEM ISOLATED FORM,4,1,2019,0,0,0,0,0,4,0,0,0,0,0
min,Latn,min_Latn,Minangkabau,‚Üí,Sm,RIGHTWARDS ARROW,4,1,2021,0,0,0,0,0,0,0,4,0,0,0
min,Latn,min_Latn,Minangkabau,—Ü,Ll,CYRILLIC SMALL LETTER TSE,4,2,"2018,2019",0,0,0,0,1,3,0,0,0,0,0
min,Latn,min_Latn,Minangkabau,ÿ¶,Lo,ARABIC LETTER YEH WITH HAMZA ABOVE,4,3,"2017,2019,2023",0,0,0,1,0,2,0,0,0,1,0
min,Latn,min_Latn,Minangkabau,√≥,Ll,LATIN SMALL LETTER O WITH ACUTE,4,2,"2017,2023",0,0,0,1,0,0,0,0,0,3,0
min,Latn,min_Latn,Minangkabau,√∂,Ll,LATIN SMALL LETTER O WITH DIAERESIS,3,3,"2019,2021,2022",0,0,0,0,0,1,0,1,1,0,0
min,Latn,min_Latn,Minangkabau,√±,Ll,LATIN SMALL LETTER N WITH TILDE,3,1,2019,0,0,0,0,0,3,0,0,0,0,0
min,Latn,min_Latn,Minangkabau,–ù,Lu,CYRILLIC CAPITAL LETTER EN,3,1,2019,0,0,0,0,0,3,0,0,0,0,0
min,Latn,min_Latn,Minangkabau,–¢,Lu,CYRILLIC CAPITAL LETTER TE,3,1,2019,0,0,0,0,0,3,0,0,0,0,0
min,Latn,min_Latn,Minangkabau,ƒ±,Ll,LATIN SMALL LETTER DOTLESS I,3,1,2019,0,0,0,0,0,3,0,0,0,0,0
min,Latn,min_Latn,Minangkabau,¬©,So,COPYRIGHT SIGN,3,1,2021,0,0,0,0,0,0,0,3,0,0,0
min,Latn,min_Latn,Minangkabau,—Ö,Ll,CYRILLIC SMALL LETTER HA,3,1,2019,0,0,0,0,0,3,0,0,0,0,0
min,Latn,min_Latn,Minangkabau,√Ø,Ll,LATIN SMALL LETTER I WITH DIAERESIS,3,1,2023,0,0,0,0,0,0,0,0,0,3,0
min,Latn,min_Latn,Minangkabau,–≠,Lu,CYRILLIC CAPITAL LETTER E,3,1,2019,0,0,0,0,0,3,0,0,0,0,0
min,Latn,min_Latn,Minangkabau,√ó,Sm,MULTIPLICATION SIGN,3,2,"2016,2021",0,0,2,0,0,0,0,1,0,0,0
min,Latn,min_Latn,Minangkabau,Âêæ,Lo,CJK UNIFIED IDEOGRAPH-543E,2,1,2023,0,0,0,0,0,0,0,0,0,2,0
min,Latn,min_Latn,Minangkabau,œÇ,Ll,GREEK SMALL LETTER FINAL SIGMA,2,2,"2021,2022",0,0,0,0,0,0,0,1,1,0,0
min,Latn,min_Latn,Minangkabau,üôÇ,So,SLIGHTLY SMILING FACE,2,2,"2020,2022",0,0,0,0,0,0,1,0,1,0,0
min,Latn,min_Latn,Minangkabau,√ü,Ll,LATIN SMALL LETTER SHARP S,2,2,"2019,2022",0,0,0,0,0,1,0,0,1,0,0
min,Latn,min_Latn,Minangkabau,·∫Ø,Ll,LATIN SMALL LETTER A WITH BREVE AND ACUTE,2,1,2023,0,0,0,0,0,0,0,0,0,2,0
min,Latn,min_Latn,Minangkabau,¬∞,So,DEGREE SIGN,2,1,2021,0,0,0,0,0,0,0,2,0,0,0
min,Latn,min_Latn,Minangkabau,√º,Ll,LATIN SMALL LETTER U WITH DIAERESIS,2,2,"2021,2022",0,0,0,0,0,0,0,1,1,0,0
min,Latn,min_Latn,Minangkabau,Œø,Ll,GREEK SMALL LETTER OMICRON,2,2,"2021,2022",0,0,0,0,0,0,0,1,1,0,0
min,Latn,min_Latn,Minangkabau,€á,Lo,ARABIC LETTER U,2,1,2023,0,0,0,0,0,0,0,0,0,2,0
min,Latn,min_Latn,Minangkabau, í,Ll,LATIN SMALL LETTER EZH,2,1,2021,0,0,0,0,0,0,0,2,0,0,0
min,Latn,min_Latn,Minangkabau,…ë,Ll,LATIN SMALL LETTER ALPHA,2,1,2021,0,0,0,0,0,0,0,2,0,0,0
min,Latn,min_Latn,Minangkabau,√∞,Ll,LATIN SMALL LETTER ETH,2,1,2023,0,0,0,0,0,0,0,0,0,2,0
min,Latn,min_Latn,Minangkabau,‚Ñó,So,SOUND RECORDING COPYRIGHT,2,2,"2020,2021",0,0,0,0,0,0,1,1,0,0,0
min,Latn,min_Latn,Minangkabau,—é,Ll,CYRILLIC SMALL LETTER YU,2,1,2019,0,0,0,0,0,2,0,0,0,0,0
min,Latn,min_Latn,Minangkabau,≈õ,Ll,LATIN SMALL LETTER S WITH ACUTE,2,1,2022,0,0,0,0,0,0,0,0,2,0,0
min,Latn,min_Latn,Minangkabau,–û,Lu,CYRILLIC CAPITAL LETTER O,2,1,2019,0,0,0,0,0,2,0,0,0,0,0
min,Latn,min_Latn,Minangkabau,Ÿ§,Nd,ARABIC-INDIC DIGIT FOUR,2,1,2019,0,0,0,0,0,2,0,0,0,0,0
min,Latn,min_Latn,Minangkabau,\,Po,REVERSE SOLIDUS,2,1,2024,0,0,0,0,0,0,0,0,0,0,2
min,Latn,min_Latn,Minangkabau,‚áí,Sm,RIGHTWARDS DOUBLE ARROW,2,1,2019,0,0,0,0,0,2,0,0,0,0,0
min,Latn,min_Latn,Minangkabau,Ÿû,Mn,ARABIC FATHA WITH TWO DOTS,2,1,2019,0,0,0,0,0,2,0,0,0,0,0
min,Latn,min_Latn,Minangkabau,–ß,Lu,CYRILLIC CAPITAL LETTER CHE,2,1,2019,0,0,0,0,0,2,0,0,0,0,0
min,Latn,min_Latn,Minangkabau,Ÿß,Nd,ARABIC-INDIC DIGIT SEVEN,2,1,2019,0,0,0,0,0,2,0,0,0,0,0
min,Latn,min_Latn,Minangkabau,üòÜ,So,SMILING FACE WITH OPEN MOUTH AND TIGHTLY-CLOSED EYES,2,1,2019,0,0,0,0,0,2,0,0,0,0,0
min,Latn,min_Latn,Minangkabau,Ÿ¢,Nd,ARABIC-INDIC DIGIT TWO,2,1,2019,0,0,0,0,0,2,0,0,0,0,0
min,Latn,min_Latn,Minangkabau,Ÿ†,Nd,ARABIC-INDIC DIGIT ZERO,2,1,2019,0,0,0,0,0,2,0,0,0,0,0
min,Latn,min_Latn,Minangkabau,ÿ∏,Lo,ARABIC LETTER ZAH,2,1,2019,0,0,0,0,0,2,0,0,0,0,0
min,Latn,min_Latn,Minangkabau,üíØ,So,HUNDRED POINTS SYMBOL,1,1,2020,0,0,0,0,0,0,1,0,0,0,0
min,Latn,min_Latn,Minangkabau,„É°,Lo,KATAKANA LETTER ME,1,1,2023,0,0,0,0,0,0,0,0,0,1,0
min,Latn,min_Latn,Minangkabau,„Éñ,Lo,KATAKANA LETTER BU,1,1,2023,0,0,0,0,0,0,0,0,0,1,0
min,Latn,min_Latn,Minangkabau,„Ç§,Lo,KATAKANA LETTER I,1,1,2023,0,0,0,0,0,0,0,0,0,1,0
min,Latn,min_Latn,Minangkabau,„É©,Lo,KATAKANA LETTER RA,1,1,2023,0,0,0,0,0,0,0,0,0,1,0
min,Latn,min_Latn,Minangkabau,„Éâ,Lo,KATAKANA LETTER DO,1,1,2023,0,0,0,0,0,0,0,0,0,1,0
min,Latn,min_Latn,Minangkabau,„Ç¨,Lo,KATAKANA LETTER GA,1,1,2023,0,0,0,0,0,0,0,0,0,1,0
min,Latn,min_Latn,Minangkabau,ƒõ,Ll,LATIN SMALL LETTER E WITH CARON,1,1,2023,0,0,0,0,0,0,0,0,0,1,0
min,Latn,min_Latn,Minangkabau,‚ÅÑ,Sm,FRACTION SLASH,1,1,2023,0,0,0,0,0,0,0,0,0,1,0
min,Latn,min_Latn,Minangkabau,ÊôÆ,Lo,CJK UNIFIED IDEOGRAPH-666E,1,1,2023,0,0,0,0,0,0,0,0,0,1,0
min,Latn,min_Latn,Minangkabau,Áàæ,Lo,CJK UNIFIED IDEOGRAPH-723E,1,1,2023,0,0,0,0,0,0,0,0,0,1,0
min,Latn,min_Latn,Minangkabau,Á∂≠,Lo,CJK UNIFIED IDEOGRAPH-7DAD,1,1,2023,0,0,0,0,0,0,0,0,0,1,0
min,Latn,min_Latn,Minangkabau,Â∞î,Lo,CJK UNIFIED IDEOGRAPH-5C14,1,1,2023,0,0,0,0,0,0,0,0,0,1,0
min,Latn,min_Latn,Minangkabau,Áª¥,Lo,CJK UNIFIED IDEOGRAPH-7EF4,1,1,2023,0,0,0,0,0,0,0,0,0,1,0
min,Latn,min_Latn,Minangkabau,ƒü,Ll,LATIN SMALL LETTER G WITH BREVE,1,1,2019,0,0,0,0,0,1,0,0,0,0,0
min,Latn,min_Latn,Minangkabau,€¶,Lm,ARABIC SMALL YEH,1,1,2019,0,0,0,0,0,1,0,0,0,0,0
min,Latn,min_Latn,Minangkabau,–í,Lu,CYRILLIC CAPITAL LETTER VE,1,1,2019,0,0,0,0,0,1,0,0,0,0,0
min,Latn,min_Latn,Minangkabau,üîî,So,BELL,1,1,2022,0,0,0,0,0,0,0,0,1,0,0
min,Latn,min_Latn,Minangkabau,Œî,Lu,GREEK CAPITAL LETTER DELTA,1,1,2023,0,0,0,0,0,0,0,0,0,1,0
min,Latn,min_Latn,Minangkabau,–ú,Lu,CYRILLIC CAPITAL LETTER EM,1,1,2019,0,0,0,0,0,1,0,0,0,0,0
min,Latn,min_Latn,Minangkabau,ÈÄö,Lo,CJK UNIFIED IDEOGRAPH-901A,1,1,2023,0,0,0,0,0,0,0,0,0,1,0
min,Latn,min_Latn,Minangkabau,·∫£,Ll,LATIN SMALL LETTER A WITH HOOK ABOVE,1,1,2023,0,0,0,0,0,0,0,0,0,1,0
min,Latn,min_Latn,Minangkabau,∆°,Ll,LATIN SMALL LETTER O WITH HORN,1,1,2023,0,0,0,0,0,0,0,0,0,1,0
min,Latn,min_Latn,Minangkabau,∆∞,Ll,LATIN SMALL LETTER U WITH HORN,1,1,2023,0,0,0,0,0,0,0,0,0,1,0
min,Latn,min_Latn,Minangkabau,·ªá,Ll,LATIN SMALL LETTER E WITH CIRCUMFLEX AND DOT BELOW,1,1,2023,0,0,0,0,0,0,0,0,0,1,0
min,Latn,min_Latn,Minangkabau,·ªë,Ll,LATIN SMALL LETTER O WITH CIRCUMFLEX AND ACUTE,1,1,2023,0,0,0,0,0,0,0,0,0,1,0
min,Latn,min_Latn,Minangkabau,√°,Ll,LATIN SMALL LETTER A WITH ACUTE,1,1,2023,0,0,0,0,0,0,0,0,0,1,0
min,Latn,min_Latn,Minangkabau,≈©,Ll,LATIN SMALL LETTER U WITH TILDE,1,1,2023,0,0,0,0,0,0,0,0,0,1,0
min,Latn,min_Latn,Minangkabau,·ªï,Ll,LATIN SMALL LETTER O WITH CIRCUMFLEX AND HOOK ABOVE,1,1,2023,0,0,0,0,0,0,0,0,0,1,0
min,Latn,min_Latn,Minangkabau,·∫ø,Ll,LATIN SMALL LETTER E WITH CIRCUMFLEX AND ACUTE,1,1,2023,0,0,0,0,0,0,0,0,0,1,0
min,Latn,min_Latn,Minangkabau,Ë©±,Lo,CJK UNIFIED IDEOGRAPH-8A71,1,1,2023,0,0,0,0,0,0,0,0,0,1,0
min,Latn,min_Latn,Minangkabau,·∫•,Ll,LATIN SMALL LETTER A WITH CIRCUMFLEX AND ACUTE,1,1,2023,0,0,0,0,0,0,0,0,0,1,0
min,Latn,min_Latn,Minangkabau,√¨,Ll,LATIN SMALL LETTER I WITH GRAVE,1,1,2023,0,0,0,0,0,0,0,0,0,1,0
min,Latn,min_Latn,Minangkabau,ƒó,Ll,LATIN SMALL LETTER E WITH DOT ABOVE,1,1,2023,0,0,0,0,0,0,0,0,0,1,0
min,Latn,min_Latn,Minangkabau,—ç,Ll,CYRILLIC SMALL LETTER E,1,1,2019,0,0,0,0,0,1,0,0,0,0,0
min,Latn,min_Latn,Minangkabau,√•,Ll,LATIN SMALL LETTER A WITH RING ABOVE,1,1,2023,0,0,0,0,0,0,0,0,0,1,0
min,Latn,min_Latn,Minangkabau,Ÿ£,Nd,ARABIC-INDIC DIGIT THREE,1,1,2019,0,0,0,0,0,1,0,0,0,0,0
min,Latn,min_Latn,Minangkabau,ƒÅ,Ll,LATIN SMALL LETTER A WITH MACRON,1,1,2022,0,0,0,0,0,0,0,0,1,0,0
min,Latn,min_Latn,Minangkabau,–ö,Lu,CYRILLIC CAPITAL LETTER KA,1,1,2019,0,0,0,0,0,1,0,0,0,0,0
min,Latn,min_Latn,Minangkabau,–§,Lu,CYRILLIC CAPITAL LETTER EF,1,1,2019,0,0,0,0,0,1,0,0,0,0,0
min,Latn,min_Latn,Minangkabau,‚àº,Sm,TILDE OPERATOR,1,1,2022,0,0,0,0,0,0,0,0,1,0,0
min,Latn,min_Latn,Minangkabau,Ÿî,Mn,ARABIC HAMZA ABOVE,1,1,2019,0,0,0,0,0,1,0,0,0,0,0
min,Latn,min_Latn,Minangkabau,Œ≥,Ll,GREEK SMALL LETTER GAMMA,1,1,2021,0,0,0,0,0,0,0,1,0,0,0
min,Latn,min_Latn,Minangkabau,üôà,So,SEE-NO-EVIL MONKEY,1,1,2019,0,0,0,0,0,1,0,0,0,0,0
min,Latn,min_Latn,Minangkabau,Œª,Ll,GREEK SMALL LETTER LAMDA,1,1,2021,0,0,0,0,0,0,0,1,0,0,0
min,Latn,min_Latn,Minangkabau,ü§£,So,ROLLING ON THE FLOOR LAUGHING,1,1,2019,0,0,0,0,0,1,0,0,0,0,0
min,Latn,min_Latn,Minangkabau,Œπ,Ll,GREEK SMALL LETTER IOTA,1,1,2021,0,0,0,0,0,0,0,1,0,0,0
min,Latn,min_Latn,Minangkabau,œÉ,Ll,GREEK SMALL LETTER SIGMA,1,1,2021,0,0,0,0,0,0,0,1,0,0,0
min,Latn,min_Latn,Minangkabau,œç,Ll,GREEK SMALL LETTER UPSILON WITH TONOS,1,1,2021,0,0,0,0,0,0,0,1,0,0,0
min,Latn,min_Latn,Minangkabau,œÜ,Ll,GREEK SMALL LETTER PHI,1,1,2021,0,0,0,0,0,0,0,1,0,0,0
min,Latn,min_Latn,Minangkabau,–ë,Lu,CYRILLIC CAPITAL LETTER BE,1,1,2019,0,0,0,0,0,1,0,0,0,0,0
min,Latn,min_Latn,Minangkabau,Œ±,Ll,GREEK SMALL LETTER ALPHA,1,1,2021,0,0,0,0,0,0,0,1,0,0,0
min,Latn,min_Latn,Minangkabau,Ÿ¶,Nd,ARABIC-INDIC DIGIT SIX,1,1,2019,0,0,0,0,0,1,0,0,0,0,0
min,Latn,min_Latn,Minangkabau,Àå,Lm,MODIFIER LETTER LOW VERTICAL LINE,1,1,2020,0,0,0,0,0,0,1,0,0,0,0
min,Latn,min_Latn,Minangkabau,√¶,Ll,LATIN SMALL LETTER AE,1,1,2017,0,0,0,1,0,0,0,0,0,0,0
min,Latn,min_Latn,Minangkabau,‚Ç¨,Sc,EURO SIGN,1,1,2020,0,0,0,0,0,0,1,0,0,0,0
min,Latn,min_Latn,Minangkabau,–ì,Lu,CYRILLIC CAPITAL LETTER GHE,1,1,2019,0,0,0,0,0,1,0,0,0,0,0
min,Latn,min_Latn,Minangkabau,–ê,Lu,CYRILLIC CAPITAL LETTER A,1,1,2019,0,0,0,0,0,1,0,0,0,0,0
min,Latn,min_Latn,Minangkabau,üòç,So,SMILING FACE WITH HEART-SHAPED EYES,1,1,2020,0,0,0,0,0,0,1,0,0,0,0
min,Latn,min_Latn,Minangkabau,üò≠,So,LOUDLY CRYING FACE,1,1,2020,0,0,0,0,0,0,1,0,0,0,0
min,Latn,min_Latn,Minangkabau,ŒØ,Ll,GREEK SMALL LETTER IOTA WITH TONOS,1,1,2021,0,0,0,0,0,0,0,1,0,0,0
min,Latn,min_Latn,Minangkabau,–°,Lu,CYRILLIC CAPITAL LETTER ES,1,1,2019,0,0,0,0,0,1,0,0,0,0,0
min,Latn,min_Latn,Minangkabau,üòÇ,So,FACE WITH TEARS OF JOY,1,1,2020,0,0,0,0,0,0,1,0,0,0,0
min,Latn,min_Latn,Minangkabau,√µ,Ll,LATIN SMALL LETTER O WITH TILDE,1,1,2021,0,0,0,0,0,0,0,1,0,0,0
min,Latn,min_Latn,Minangkabau,Œ∑,Ll,GREEK SMALL LETTER ETA,1,1,2022,0,0,0,0,0,0,0,0,1,0,0
min,Latn,min_Latn,Minangkabau,œÑ,Ll,GREEK SMALL LETTER TAU,1,1,2022,0,0,0,0,0,0,0,0,1,0,0
min,Latn,min_Latn,Minangkabau,ŒÆ,Ll,GREEK SMALL LETTER ETA WITH TONOS,1,1,2022,0,0,0,0,0,0,0,0,1,0,0
min,Latn,min_Latn,Minangkabau,Œº,Ll,GREEK SMALL LETTER MU,1,1,2022,0,0,0,0,0,0,0,0,1,0,0
min,Latn,min_Latn,Minangkabau,Œ∫,Ll,GREEK SMALL LETTER KAPPA,1,1,2022,0,0,0,0,0,0,0,0,1,0,0
min,Latn,min_Latn,Minangkabau,Ÿç,Mn,ARABIC KASRATAN,1,1,2017,0,0,0,1,0,0,0,0,0,0,0
min,Latn,min_Latn,Minangkabau,ü•∞,So,SMILING FACE WITH SMILING EYES AND THREE HEARTS,1,1,2021,0,0,0,0,0,0,0,1,0,0,0
min,Latn,min_Latn,Minangkabau,—â,Ll,CYRILLIC SMALL LETTER SHCHA,1,1,2019,0,0,0,0,0,1,0,0,0,0,0
min,Latn,min_Latn,Minangkabau,√ß,Ll,LATIN SMALL LETTER C WITH CEDILLA,1,1,2021,0,0,0,0,0,0,0,1,0,0,0
min,Latn,min_Latn,Minangkabau,Í¶ß,Lo,JAVANESE LETTER BA,1,1,2021,0,0,0,0,0,0,0,1,0,0,0
min,Latn,min_Latn,Minangkabau,Œ∏,Ll,GREEK SMALL LETTER THETA,1,1,2021,0,0,0,0,0,0,0,1,0,0,0
min,Latn,min_Latn,Minangkabau,…õ,Ll,LATIN SMALL LETTER OPEN E,1,1,2021,0,0,0,0,0,0,0,1,0,0,0
min,Latn,min_Latn,Minangkabau,·µª,Ll,LATIN SMALL CAPITAL LETTER I WITH STROKE,1,1,2021,0,0,0,0,0,0,0,1,0,0,0
min,Latn,min_Latn,Minangkabau,¬±,Sm,PLUS-MINUS SIGN,1,1,2021,0,0,0,0,0,0,0,1,0,0,0
min,Latn,min_Latn,Minangkabau,Ÿå,Mn,ARABIC DAMMATAN,1,1,2019,0,0,0,0,0,1,0,0,0,0,0
min,Latn,min_Latn,Minangkabau,Í¶Æ,Lo,JAVANESE LETTER WA,1,1,2021,0,0,0,0,0,0,0,1,0,0,0
min,Latn,min_Latn,Minangkabau,Í¶ó,Lo,JAVANESE LETTER JA,1,1,2021,0,0,0,0,0,0,0,1,0,0,0
min,Latn,min_Latn,Minangkabau,Í¶±,Lo,JAVANESE LETTER SA,1,1,2021,0,0,0,0,0,0,0,1,0,0,0
min,Latn,min_Latn,Minangkabau,√≤,Ll,LATIN SMALL LETTER O WITH GRAVE,1,1,2021,0,0,0,0,0,0,0,1,0,0,0
